,year,STATENAME,DISTRICT,avg_rating,Close_E_D,LLS_R,LLS_D,St_AVG_R,cvap,RepVotes,DemVotes,RepVotesMajorPercent,DemVotesMajorPercent,Incumbent_R,Incumbent_D,Open_seat,voterTR,D_2012,D_2014,D_2016,D_2018,D_2020
1,2012,Arizona,1,4.1428571,0,0,1,0.1429,549353,113594,122774,48.06,51.94,0,0,1,0.430266149,1,0,0,0,0
2,2012,Arizona,2,3.1428571,0,0,1,0.8571,539385,144884,147338,49.58,50.42,0,1,0,0.541768866,1,0,0,0,0
3,2012,Arizona,9,3.3571429,0,0,1,0.6429,544288,111630,121881,47.81,52.19,0,0,1,0.429021033,1,0,0,0,0
4,2012,Arkansas,1,6.8571429,0,1,0,2.8571,546407,138800,96601,58.96,41.04,1,0,0,0.430816223,1,0,0,0,0
5,2012,Arkansas,4,6.7142857,0,1,0,2.7143,535460,154149,95013,61.87,38.13,0,0,1,0.465323273,1,0,0,0,0
6,2012,California,3,1.9285714,1,0,0,2.0714,497300,107086,126882,45.77,54.23,0,1,0,0.470476573,1,0,0,0,0
7,2012,California,7,3.8571429,0,0,1,0.1429,526910,132050,141241,48.32,51.68,1,0,0,0.518667325,1,0,0,0,0
8,2012,California,9,3.5,0,0,1,0.5,472835,94704,118373,44.45,55.55,0,1,0,0.450637114,1,0,0,0,0
9,2012,California,10,4.3571429,0,0,1,0.3571,467771,110265,98934,52.71,47.29,1,0,0,0.447225245,1,0,0,0,0
10,2012,California,16,1.3571429,1,0,0,2.6429,402445,62801,84649,42.59,57.41,0,1,0,0.366385469,1,0,0,0,0
11,2012,California,21,6.0714286,0,1,0,2.0714,350034,67164,49119,57.76,42.24,0,0,1,0.332204872,1,0,0,0,0
12,2012,California,24,3.5,0,0,1,0.5,505763,127746,156749,44.9,55.1,0,1,0,0.56250655,1,0,0,0,0
13,2012,California,26,3.6428571,0,0,1,0.3571,468926,124863,139072,47.31,52.69,0,0,1,0.562850002,1,0,0,0,0
14,2012,California,36,4.3571429,0,0,1,0.3571,488389,97953,110189,47.06,52.94,1,0,0,0.42618077,1,0,0,0,0
15,2012,California,41,3.0714286,0,0,1,0.9286,456205,72074,103578,41.03,58.97,0,0,1,0.38502866,1,0,0,0,0
16,2012,California,47,1.8928571,1,0,0,2.1071,475459,99919,130093,43.44,56.56,0,0,1,0.483768317,1,0,0,0,0
17,2012,California,52,3.8571429,0,0,1,0.1429,547077,144459,151451,48.82,51.18,1,0,0,0.540892781,1,0,0,0,0
18,2012,Colorado,3,5.25,0,1,0,1.25,551793,185291,142920,56.45,43.55,1,0,0,0.594808198,1,0,0,0,0
19,2012,Colorado,6,4.3571429,0,0,1,0.3571,538733,163938,156937,51.09,48.91,1,0,0,0.595610442,1,0,0,0,0
20,2012,Colorado,7,2.0714286,1,0,0,1.9286,555150,139066,182460,43.25,56.75,0,1,0,0.579169594,1,0,0,0,0
21,2012,Connecticut,4,1.1428571,1,0,0,2.8571,484035,117503,175929,40.04,59.96,0,1,0,0.606220625,1,0,0,0,0
22,2012,Connecticut,5,3.5714286,0,0,1,0.4286,515878,138637,146098,48.69,51.31,0,0,1,0.551942514,1,0,0,0,0
23,2012,Florida,2,5.3928571,0,1,0,1.3929,559346,175856,157634,52.73,47.27,1,0,0,0.59621415,1,0,0,0,0
24,2012,Florida,9,1.6428571,1,0,0,2.3571,575460,98856,164891,37.48,62.52,0,0,1,0.458323776,1,0,0,0,0
25,2012,Florida,10,5,0,1,0,1,527540,164649,153574,51.74,48.26,1,0,0,0.603220609,1,0,0,0,0
26,2012,Florida,13,6.5714286,0,1,0,2.5714,567936,189605,139742,57.57,42.43,1,0,0,0.579901609,1,0,0,0,0
27,2012,Florida,16,5.9642857,0,1,0,1.9643,597649,187147,161929,53.61,46.39,1,0,0,0.584081961,1,0,0,0,0
28,2012,Florida,18,4.2857143,0,0,1,0.2857,570702,164353,166257,49.71,50.29,1,0,0,0.579304085,1,0,0,0,0
29,2012,Florida,22,2.6071429,1,0,0,1.3929,526187,142050,171021,45.37,54.63,0,0,1,0.594980492,1,0,0,0,0
30,2012,Florida,26,2.9285714,1,0,0,1.0714,467186,108820,135694,44.5,55.5,1,0,0,0.523376129,1,0,0,0,0
31,2012,Georgia,12,3.8571429,0,0,1,0.1429,531858,119973,139148,46.3,53.7,0,1,0,0.487199591,1,0,0,0,0
32,2012,Illinois,8,2.3214286,1,0,0,1.6786,448181,101860,123206,45.26,54.74,1,0,0,0.502176576,1,0,0,0,0
33,2012,Illinois,10,3.9285714,0,0,1,0.0714,462773,130564,133890,49.37,50.63,1,0,0,0.571455119,1,0,0,0,0
34,2012,Illinois,11,3.3571429,0,0,1,0.6429,467647,105348,148928,41.43,58.57,1,0,0,0.543734911,1,0,0,0,0
35,2012,Illinois,12,3.8571429,0,0,1,0.1429,533604,129902,157000,45.28,54.72,0,0,1,0.537668383,1,0,0,0,0
36,2012,Illinois,13,4.0714286,0,0,1,0.0714,540956,137034,136032,50.18,49.82,0,0,1,0.504784123,1,0,0,0,0
37,2012,Illinois,17,3.5,0,0,1,0.5,514978,134623,153519,46.72,53.28,1,0,0,0.559522931,1,0,0,0,0
38,2012,Indiana,2,5.2857143,0,1,0,1.2857,521068,134033,130113,50.74,49.26,0,0,1,0.506931917,1,0,0,0,0
39,2012,Indiana,8,5.6785714,0,1,0,1.6786,549703,151533,122325,55.33,44.67,1,0,0,0.49819266,1,0,0,0,0
40,2012,Iowa,1,1.5714286,1,0,0,2.4286,579428,162465,222422,42.21,57.79,0,1,0,0.664253367,1,0,0,0,0
41,2012,Iowa,2,1.9642857,1,0,0,2.0357,580155,161977,211863,43.33,56.67,0,1,0,0.644379519,1,0,0,0,0
42,2012,Iowa,3,4.2857143,0,0,1,0.2857,589474,202000,168632,54.5,45.5,1,0,0,0.628750377,1,0,0,0,0
43,2012,Iowa,4,4.7857143,0,0,1,0.7857,563609,200063,169470,54.14,45.86,1,0,0,0.655654896,1,0,0,0,0
44,2012,Kentucky,6,3.9285714,0,0,1,0.0714,569798,153222,141438,52,48,0,1,0,0.517130632,1,0,0,0,0
45,2012,Maine,2,1.4285714,1,0,0,2.5714,520828,137542,191456,41.81,58.19,0,1,0,0.631682628,1,0,0,0,0
46,2012,Maryland,6,2.1785714,1,0,0,1.8214,521983,117313,181921,39.2,60.8,1,0,0,0.57326388,1,0,0,0,0
47,2012,Massachusetts,6,4.9285714,0,0,1,0.9286,567997,176612,180942,49.39,50.61,0,1,0,0.629499804,1,0,0,0,0
48,2012,Michigan,1,3.8571429,0,0,1,0.1429,562349,167060,165179,50.28,49.72,1,0,0,0.59080571,1,0,0,0,0
49,2012,Michigan,3,6.0714286,0,1,0,2.0714,538607,171675,144108,54.36,45.64,1,0,0,0.586295759,1,0,0,0,0
50,2012,Michigan,6,6.8571429,0,1,0,2.8571,536350,174955,136563,56.16,43.84,1,0,0,0.580811038,1,0,0,0,0
51,2012,Michigan,7,6.7857143,0,1,0,2.7857,542743,169668,136849,55.35,44.65,1,0,0,0.564755326,1,0,0,0,0
52,2012,Michigan,11,5.2857143,0,1,0,1.2857,527362,181788,158879,53.36,46.64,0,0,1,0.645983215,1,0,0,0,0
53,2012,Minnesota,2,6.3571429,0,1,0,2.3571,499925,193587,164338,54.09,45.91,1,0,0,0.715957394,1,0,0,0,0
54,2012,Minnesota,6,5.5,0,1,0,1.5,510172,179240,174944,50.61,49.39,1,0,0,0.694244294,1,0,0,0,0
55,2012,Minnesota,7,1.1428571,1,0,0,2.8571,496634,114151,197791,36.59,63.41,0,1,0,0.628112453,1,0,0,0,0
56,2012,Minnesota,8,3.8571429,0,0,1,0.1429,519505,160520,191976,45.54,54.46,1,0,0,0.678522825,1,0,0,0,0
57,2012,Montana,0,6.2857143,0,1,0,2.2857,804263,255468,204939,55.49,44.51,0,0,1,0.572458263,1,0,0,0,0
58,2012,Nebraska,2,6.4285714,0,1,0,2.4286,454282,133964,129767,50.8,49.2,1,0,0,0.580544684,1,0,0,0,0
59,2012,Nevada,3,5,0,1,0,1,563428,137244,116823,54.02,45.98,1,0,0,0.450930731,1,0,0,0,0
60,2012,Nevada,4,3.6428571,0,0,1,0.3571,493015,101261,120501,45.66,54.34,0,0,1,0.449807815,1,0,0,0,0
61,2012,New Hampshire,1,4.3571429,0,0,1,0.3571,NA,158659,171650,48.03,51.97,1,0,0,NA,1,0,0,0,0
62,2012,New Hampshire,2,3.4285714,0,0,1,0.5714,NA,152977,169275,47.47,52.53,1,0,0,NA,1,0,0,0,0
63,2012,New Jersey,3,5.8214286,0,1,0,1.8214,NA,174257,145509,54.5,45.5,1,0,0,NA,1,0,0,0,0
64,2012,New Jersey,5,6.8571429,0,1,0,2.8571,NA,167503,130102,56.28,43.72,1,0,0,NA,1,0,0,0,0
65,2012,New Jersey,7,6.8571429,0,1,0,2.8571,NA,175704,123090,58.8,41.2,1,0,0,NA,1,0,0,0,0
66,2012,New Jersey,9,1.1428571,1,0,0,2.8571,NA,55094,162834,25.28,74.72,0,1,0,NA,1,0,0,0,0
67,2012,New Mexico,1,1.3571429,1,0,0,2.6429,NA,112473,162924,40.84,59.16,0,0,1,NA,1,0,0,0,0
68,2012,New York,1,3.5714286,0,0,1,0.4286,NA,132304,146179,47.51,52.49,0,1,0,NA,1,0,0,0,0
69,2012,New York,11,5.6428571,0,1,0,1.6429,NA,103118,92430,52.73,47.27,1,0,0,NA,1,0,0,0,0
70,2012,New York,18,4.5,0,0,1,0.5,NA,133049,143845,48.05,51.95,1,0,0,NA,1,0,0,0,0
71,2012,New York,19,4.5,0,0,1,0.5,NA,150245,134295,52.8,47.2,1,0,0,NA,1,0,0,0,0
72,2012,New York,21,3.3571429,0,0,1,0.6429,NA,121646,126631,49,51,0,1,0,NA,1,0,0,0,0
73,2012,New York,22,6.6428571,0,1,0,2.6429,NA,157941,102080,60.74,39.26,1,0,0,NA,1,0,0,0,0
74,2012,New York,23,6.7857143,0,1,0,2.7857,NA,137669,127535,51.91,48.09,1,0,0,NA,1,0,0,0,0
75,2012,New York,24,3.5714286,0,0,1,0.4286,NA,127054,143044,47.04,52.96,1,0,0,NA,1,0,0,0,0
76,2012,New York,25,2.3214286,1,0,0,1.6786,NA,133389,179810,42.59,57.41,0,1,0,NA,1,0,0,0,0
77,2012,New York,27,4.2857143,0,0,1,0.2857,NA,161220,156219,50.79,49.21,0,1,0,NA,1,0,0,0,0
78,2012,North Carolina,7,3.9285714,0,0,1,0.0714,NA,168041,168695,49.9,50.1,0,1,0,NA,1,0,0,0,0
79,2012,North Carolina,8,5.75,0,1,0,1.75,NA,160695,137139,53.95,46.05,0,1,0,NA,1,0,0,0,0
80,2012,North Carolina,11,6.1071429,0,1,0,2.1071,NA,190319,141107,57.42,42.58,0,0,1,NA,1,0,0,0,0
81,2012,North Carolina,13,6.5,0,1,0,2.5,NA,210495,160115,56.8,43.2,0,0,1,NA,1,0,0,0,0
82,2012,North Dakota,0,6.2857143,0,1,0,2.2857,NA,173433,131869,56.81,43.19,0,0,1,NA,1,0,0,0,0
83,2012,Ohio,6,4.6428571,0,0,1,0.6429,550236,164536,144444,53.25,46.75,1,0,0,0.561540866,1,0,0,0,0
84,2012,Ohio,7,6.3571429,0,1,0,2.3571,551430,178104,137708,56.4,43.6,1,0,0,0.572714578,1,0,0,0,0
85,2012,Ohio,9,1.1428571,1,0,0,2.8571,538404,68666,217775,23.97,76.03,0,1,0,0.532018707,1,0,0,0,0
86,2012,Ohio,16,4.1428571,0,0,1,0.1429,556785,185167,170604,52.05,47.95,1,0,0,0.638973751,1,0,0,0,0
87,2012,Oklahoma,2,6,0,1,0,2,562498,143701,96081,59.93,40.07,0,0,1,0.426280627,1,0,0,0,0
88,2012,Oregon,5,1.3571429,1,0,0,2.6429,586219,139223,177229,43.99,56.01,0,1,0,0.539818737,1,0,0,0,0
89,2012,Pennsylvania,6,6.2142857,0,1,0,2.2143,516389,191725,143803,57.14,42.86,1,0,0,0.649758225,1,0,0,0,0
90,2012,Pennsylvania,7,6.6428571,0,1,0,2.6429,541680,209942,143509,59.4,40.6,1,0,0,0.652508861,1,0,0,0,0
91,2012,Pennsylvania,8,5.8214286,0,1,0,1.8214,537910,199379,152859,56.6,43.4,1,0,0,0.654827016,1,0,0,0,0
92,2012,Pennsylvania,11,6.8571429,0,1,0,2.8571,545860,166967,118231,58.54,41.46,1,0,0,0.522474627,1,0,0,0,0
93,2012,Pennsylvania,12,3.8571429,0,0,1,0.1429,551580,175352,163589,51.74,48.26,0,1,0,0.614491098,1,0,0,0,0
94,2012,Pennsylvania,15,6.8571429,0,1,0,2.8571,549483,168960,128764,56.75,43.25,1,0,0,0.54182568,1,0,0,0,0
95,2012,Pennsylvania,18,6.8571429,0,1,0,2.8571,553521,216727,122146,63.96,36.04,1,0,0,0.612213448,1,0,0,0,0
96,2012,Rhode Island,1,3.5,0,0,1,0.5,NA,83737,108612,43.53,56.47,0,1,0,NA,1,0,0,0,0
97,2012,South Dakota,0,6.7142857,0,1,0,2.7143,NA,207640,153789,57.45,42.55,1,0,0,NA,1,0,0,0,0
98,2012,Tennessee,4,5.1428571,0,1,0,1.1429,567085,128568,102022,55.76,44.24,1,0,0,0.406623346,1,0,0,0,0
99,2012,Texas,10,6.8571429,0,1,0,2.8571,548535,159783,95710,62.54,37.46,1,0,0,0.465773378,1,0,0,0,0
100,2012,Texas,14,5.5,0,1,0,1.5,519429,131460,109697,54.51,45.49,0,0,1,0.464273269,1,0,0,0,0
101,2012,Texas,23,4.0714286,0,0,1,0.0714,474242,87547,96676,47.52,52.48,1,0,0,0.388457792,1,0,0,0,0
102,2012,Texas,34,1.1428571,1,0,0,2.8571,417848,52448,89606,36.92,63.08,0,0,1,0.339965729,1,0,0,0,0
103,2012,Utah,4,4.4285714,0,0,1,0.4286,495024,119035,119803,49.84,50.16,0,1,0,0.482477617,1,0,0,0,0
104,2012,Virginia,2,5.8214286,0,1,0,1.8214,554237,166231,142548,53.83,46.17,1,0,0,0.557124479,1,0,0,0,0
105,2012,Virginia,5,6.8571429,0,1,0,2.8571,570230,193009,149214,56.4,43.6,1,0,0,0.600149063,1,0,0,0,0
106,2012,Washington,1,2.5714286,1,0,0,1.4286,506579,151187,177025,46.06,53.94,0,1,0,0.647898946,1,0,0,0,0
107,2012,Washington,3,6.8571429,0,1,0,2.8571,523293,177446,116438,60.38,39.62,1,0,0,0.561605066,1,0,0,0,0
108,2012,Washington,10,1.3571429,1,0,0,2.6429,530202,115381,163036,41.44,58.56,0,0,1,0.525114956,1,0,0,0,0
109,2012,West Virginia,3,1.9285714,1,0,0,2.0714,NA,92238,108199,46.02,53.98,0,1,0,NA,1,0,0,0,0
110,2012,Wisconsin,7,5.1428571,0,1,0,1.1429,547760,201720,157524,56.15,43.85,1,0,0,0.655841975,1,0,0,0,0
111,2012,Wisconsin,8,6.2142857,0,1,0,2.2143,546843,198874,156287,56,44,1,0,0,0.649475261,1,0,0,0,0
112,2014,Alaska,0,6.4,0,1,0,2.4,530385,142572,114602,55.44,44.56,1,0,0,0.484881737,0,1,0,0,0
113,2014,Arizona,1,4.2,0,0,1,0.2,549353,87723,97391,47.39,52.61,0,1,0,0.336967305,0,1,0,0,0
114,2014,Arizona,2,3.8,0,0,1,0.2,539385,109704,109543,50.04,49.96,0,1,0,0.406475894,0,1,0,0,0
115,2014,Arizona,9,2.35,1,0,0,1.65,544288,67841,88609,43.36,56.64,0,1,0,0.287439738,0,1,0,0,0
116,2014,Arkansas,2,4.2,0,0,1,0.2,563787,123073,103477,54.32,45.68,0,0,1,0.401836154,0,1,0,0,0
117,2014,Arkansas,4,5.25,0,1,0,1.25,535460,110789,87742,55.8,44.2,0,0,1,0.370767191,0,1,0,0,0
118,2014,California,3,1.6,1,0,0,2.4,497300,71036,79224,47.28,52.72,0,1,0,0.302151619,0,1,0,0,0
119,2014,California,7,4.2,0,0,1,0.2,526910,91066,92521,49.6,50.4,0,1,0,0.348421932,0,1,0,0,0
120,2014,California,9,1.2,1,0,0,2.8,472835,57729,63475,47.63,52.37,0,1,0,0.256334662,0,1,0,0,0
121,2014,California,21,5.45,0,1,0,1.45,350034,45907,33470,57.83,42.17,1,0,0,0.2267694,0,1,0,0,0
122,2014,California,24,1.95,1,0,0,2.05,505763,95566,103228,48.07,51.93,0,1,0,0.393057618,0,1,0,0,0
123,2014,California,26,3.5,0,0,1,0.5,468926,82653,87176,48.67,51.33,0,1,0,0.362165885,0,1,0,0,0
124,2014,California,31,2.9,1,0,0,1.1,471085,48162,51622,48.27,51.73,0,0,1,0.2118174,0,1,0,0,0
125,2014,California,36,2.6,1,0,0,1.4,488389,61457,72682,45.82,54.18,0,1,0,0.274656063,0,1,0,0,0
126,2014,California,52,3.8,0,0,1,0.2,547077,92746,98826,48.41,51.59,0,1,0,0.350173742,0,1,0,0,0
127,2014,Colorado,6,4.4,0,0,1,0.4,538733,143467,118847,54.69,45.31,1,0,0,0.4869091,0,1,0,0,0
128,2014,Connecticut,5,1.8,1,0,0,2.2,515878,97767,113564,46.26,53.74,0,1,0,0.409653058,0,1,0,0,0
129,2014,Florida,2,3.8,0,0,1,0.2,559346,123262,126096,49.43,50.57,1,0,0,0.445802777,0,1,0,0,0
130,2014,Florida,18,2.2,1,0,0,1.8,570702,101896,151478,40.22,59.78,0,1,0,0.443969007,0,1,0,0,0
131,2014,Florida,26,4.2,0,0,1,0.2,467186,83031,78306,51.46,48.54,0,1,0,0.345337831,0,1,0,0,0
132,2014,Georgia,12,3.5,0,0,1,0.5,531858,91336,75478,54.75,45.25,0,1,0,0.313643867,0,1,0,0,0
133,2014,Hawaii,1,3.1,0,0,1,0.9,507266,86454,93390,48.07,51.93,0,0,1,0.354535885,0,1,0,0,0
134,2014,Illinois,8,1.2,1,0,0,2.8,448181,66878,84178,44.27,55.73,0,1,0,0.3370424,0,1,0,0,0
135,2014,Illinois,10,4.2,0,0,1,0.2,462773,95992,91136,51.3,48.7,0,1,0,0.404362398,0,1,0,0,0
136,2014,Illinois,11,2,1,0,0,2,467647,81335,93436,46.54,53.46,0,1,0,0.373724198,0,1,0,0,0
137,2014,Illinois,12,4.2,0,0,1,0.2,533604,110038,87860,55.6,44.4,0,1,0,0.370870533,0,1,0,0,0
138,2014,Illinois,13,6,0,1,0,2,540956,123337,86935,58.66,41.34,1,0,0,0.388704442,0,1,0,0,0
139,2014,Illinois,17,2.55,1,0,0,1.45,514978,88785,110560,44.54,55.46,0,1,0,0.387094206,0,1,0,0,0
140,2014,Indiana,2,6.6,0,1,0,2.6,521068,85583,55590,60.62,39.38,1,0,0,0.27093009,0,1,0,0,0
141,2014,Iowa,1,3.8,0,0,1,0.2,579428,147762,141145,51.15,48.85,0,0,1,0.498607247,0,1,0,0,0
142,2014,Iowa,2,2.9,1,0,0,1.1,580155,129455,143431,47.44,52.56,0,1,0,0.470367402,0,1,0,0,0
143,2014,Iowa,3,4.2,0,0,1,0.2,589474,148814,119109,55.54,44.46,0,0,1,0.454511989,0,1,0,0,0
144,2014,Iowa,4,6.6,0,1,0,2.6,563609,169834,105504,61.68,38.32,1,0,0,0.48852662,0,1,0,0,0
145,2014,Kansas,2,6.2,0,1,0,2.2,537829,128742,87153,59.63,40.37,1,0,0,0.40141941,0,1,0,0,0
146,2014,Kansas,3,6.4,0,1,0,2.4,523041,134493,89584,60.02,39.98,1,0,0,0.428411922,0,1,0,0,0
147,2014,Maine,2,3.1,0,0,1,0.9,520828,133308,118556,52.93,47.07,0,0,1,0.483583832,0,1,0,0,0
148,2014,Maryland,6,1.6,1,0,0,2.4,521983,91930,94704,49.26,50.74,0,1,0,0.357548043,0,1,0,0,0
149,2014,Massachusetts,6,3.4,0,0,1,0.6,567997,111989,149638,42.8,57.2,0,0,1,0.460613348,0,1,0,0,0
150,2014,Massachusetts,9,2.15,1,0,0,1.85,570585,114971,140413,45.02,54.98,0,1,0,0.447582744,0,1,0,0,0
151,2014,Michigan,1,5.65,0,1,0,1.65,562349,130414,113263,53.52,46.48,1,0,0,0.433319878,0,1,0,0,0
152,2014,Michigan,4,6.8,0,1,0,2.8,549247,123962,85777,59.1,40.9,0,0,1,0.381866446,0,1,0,0,0
153,2014,Michigan,6,6.6,0,1,0,2.6,536350,116801,84391,58.05,41.95,1,0,0,0.375113266,0,1,0,0,0
154,2014,Michigan,7,6.4,0,1,0,2.4,542743,119564,92083,56.49,43.51,1,0,0,0.389958046,0,1,0,0,0
155,2014,Michigan,8,6.4,0,1,0,2.4,547280,132739,102269,56.48,43.52,0,0,1,0.429410905,0,1,0,0,0
156,2014,Michigan,11,6.6,0,1,0,2.6,527362,140435,101681,58,42,0,0,1,0.459107786,0,1,0,0,0
157,2014,Minnesota,1,1.2,1,0,0,2.8,494576,103536,122851,45.73,54.27,0,1,0,0.457739559,0,1,0,0,0
158,2014,Minnesota,7,3.1,0,0,1,0.9,496634,109955,130546,45.72,54.28,0,1,0,0.484262052,0,1,0,0,0
159,2014,Minnesota,8,4.2,0,0,1,0.2,519505,125358,129090,49.27,50.73,0,1,0,0.489789319,0,1,0,0,0
160,2014,Montana,0,6.4,0,1,0,2.4,804263,203871,148690,57.83,42.17,0,0,1,0.438365311,0,1,0,0,0
161,2014,Nebraska,2,3.8,0,0,1,0.2,454282,78157,83872,48.24,51.76,1,0,0,0.356670526,0,1,0,0,0
162,2014,Nevada,3,6.6,0,1,0,2.6,563428,88528,52644,62.71,37.29,1,0,0,0.250559078,0,1,0,0,0
163,2014,Nevada,4,2.95,1,0,0,1.05,493015,63466,59844,51.47,48.53,0,1,0,0.250114094,0,1,0,0,0
164,2014,New Hampshire,1,4.2,0,0,1,0.2,NA,125508,116769,51.8,48.2,0,1,0,NA,0,1,0,0,0
165,2014,New Hampshire,2,3.1,0,0,1,0.9,NA,106871,130700,44.98,55.02,0,1,0,NA,0,1,0,0,0
166,2014,New Jersey,3,5.1,0,1,0,1.1,NA,100471,82537,54.9,45.1,0,0,1,NA,0,1,0,0,0
167,2014,New Jersey,5,6.6,0,1,0,2.6,NA,104678,81808,56.13,43.87,1,0,0,NA,0,1,0,0,0
168,2014,New York,1,4.2,0,0,1,0.2,NA,94035,78722,54.43,45.57,0,1,0,NA,0,1,0,0,0
169,2014,New York,4,1.6,1,0,0,2.4,NA,80127,89793,47.16,52.84,0,0,1,NA,0,1,0,0,0
170,2014,New York,11,4.6,0,0,1,0.6,NA,58886,45244,56.55,43.45,1,0,0,NA,0,1,0,0,0
171,2014,New York,18,3.4,0,0,1,0.6,NA,85660,88993,49.05,50.95,0,1,0,NA,0,1,0,0,0
172,2014,New York,19,6.2,0,1,0,2.2,NA,131594,72470,64.49,35.51,1,0,0,NA,0,1,0,0,0
173,2014,New York,21,6,0,1,0,2,NA,96226,59063,61.97,38.03,0,0,1,NA,0,1,0,0,0
174,2014,New York,23,6.4,0,1,0,2.4,NA,113130,70242,61.69,38.31,1,0,0,NA,0,1,0,0,0
175,2014,New York,24,3.8,0,0,1,0.2,NA,118474,80304,59.6,40.4,0,1,0,NA,0,1,0,0,0
176,2014,North Carolina,7,6.8,0,1,0,2.8,NA,134431,84054,61.53,38.47,0,0,1,NA,0,1,0,0,0
177,2014,North Dakota,0,6.4,0,1,0,2.4,NA,138100,95678,59.07,40.93,1,0,0,NA,0,1,0,0,0
178,2014,Ohio,6,6.8,0,1,0,2.8,550236,111026,73561,60.15,39.85,1,0,0,0.335468781,0,1,0,0,0
179,2014,Ohio,14,6.8,0,1,0,2.8,550315,135736,70856,65.7,34.3,1,0,0,0.375406812,0,1,0,0,0
180,2014,Pennsylvania,6,6.45,0,1,0,2.45,516389,119643,92901,56.29,43.71,0,0,1,0.411596684,0,1,0,0,0
181,2014,Texas,23,2.9,1,0,0,1.1,474242,57459,55037,51.08,48.92,0,1,0,0.237212225,0,1,0,0,0
182,2014,Utah,4,6.4,0,1,0,2.4,495024,74936,67425,52.64,47.36,0,0,1,0.287584036,0,1,0,0,0
183,2014,Virginia,10,4.9,0,0,1,0.9,538859,125914,89957,58.33,41.67,0,0,1,0.40060758,0,1,0,0,0
184,2014,Washington,1,1.4,1,0,0,2.6,506579,101428,124151,44.96,55.04,0,1,0,0.445298759,0,1,0,0,0
185,2014,West Virginia,2,4.4,0,0,1,0.4,NA,72619,67687,51.76,48.24,0,0,1,NA,0,1,0,0,0
186,2014,West Virginia,3,4.2,0,0,1,0.2,NA,77713,62688,55.35,44.65,0,1,0,NA,0,1,0,0,0
187,2014,Wisconsin,6,6.4,0,1,0,2.4,548845,169767,122212,58.14,41.86,0,0,1,0.531988084,0,1,0,0,0
188,2014,Wisconsin,7,6.8,0,1,0,2.8,547760,169891,112949,60.07,39.93,1,0,0,0.516357529,0,1,0,0,0
189,2016,Alaska,0,5.8,0,1,0,1.8,530385,155088,111019,58.28,41.72,1,0,0,0.501724219,0,0,1,0,0
190,2016,Arizona,1,3.1,0,0,1,0.9,549353,121745,142219,46.12,53.88,0,0,1,0.480499788,0,0,1,0,0
191,2016,Arizona,2,6,0,1,0,2,539385,179806,135873,56.96,43.04,1,0,0,0.585257284,0,0,1,0,0
192,2016,California,7,2.9,1,0,0,1.1,526910,145168,152133,48.83,51.17,0,1,0,0.564234879,0,0,1,0,0
193,2016,California,10,4.3,0,0,1,0.3,467771,124671,116470,51.7,48.3,1,0,0,0.515510795,0,0,1,0,0
194,2016,California,21,5.45,0,1,0,1.45,350034,75126,57282,56.74,43.26,1,0,0,0.378271825,0,0,1,0,0
195,2016,California,24,2.75,1,0,0,1.25,505763,144780,166034,46.58,53.42,0,0,1,0.614544757,0,0,1,0,0
196,2016,California,25,4.25,0,0,1,0.25,476031,138755,122406,53.13,46.87,1,0,0,0.548621833,0,0,1,0,0
197,2016,California,49,3.95,0,0,1,0.05,514955,155888,154267,50.26,49.74,1,0,0,0.602295346,0,0,1,0,0
198,2016,California,52,1.2,1,0,0,2.8,547077,139403,181253,43.47,56.53,0,1,0,0.586125902,0,0,1,0,0
199,2016,Colorado,3,6,0,1,0,2,551793,204220,150914,57.51,42.49,1,0,0,0.643600046,0,0,1,0,0
200,2016,Colorado,6,4.35,0,0,1,0.35,538733,191626,160372,54.44,45.56,1,0,0,0.653381174,0,0,1,0,0
201,2016,Florida,2,6.6,0,1,0,2.6,559346,231163,102801,69.22,30.78,0,0,1,0.597061568,0,0,1,0,0
202,2016,Florida,7,3.65,0,0,1,0.35,567729,171583,182039,48.52,51.48,1,0,0,0.622871123,0,0,1,0,0
203,2016,Florida,10,1.4,1,0,0,2.6,527540,107498,198491,35.13,64.87,0,0,1,0.58002995,0,0,1,0,0
204,2016,Florida,13,2.9,1,0,0,1.1,567936,171149,184693,48.1,51.9,1,0,0,0.626552992,0,0,1,0,0
205,2016,Florida,18,4.4,0,0,1,0.4,570702,201488,161918,55.44,44.56,0,0,1,0.636770153,0,0,1,0,0
206,2016,Florida,26,4.2,0,0,1,0.2,467186,148547,115493,56.26,43.74,1,0,0,0.565171045,0,0,1,0,0
207,2016,Florida,27,6.6,0,1,0,2.6,449720,157917,129760,54.89,45.11,1,0,0,0.639680245,0,0,1,0,0
208,2016,Illinois,10,3.8,0,0,1,0.2,462773,135535,150435,47.39,52.61,1,0,0,0.617948757,0,0,1,0,0
209,2016,Illinois,12,6.2,0,1,0,2.2,533604,169976,124246,57.77,42.23,1,0,0,0.551386421,0,0,1,0,0
210,2016,Indiana,2,6.2,0,1,0,2.2,521068,164355,102401,61.61,38.39,1,0,0,0.51194086,0,0,1,0,0
211,2016,Indiana,9,5.45,0,1,0,1.45,567923,174791,130627,57.23,42.77,0,0,1,0.53778065,0,0,1,0,0
212,2016,Iowa,1,4.2,0,0,1,0.2,579428,206903,177403,53.84,46.16,1,0,0,0.663250654,0,0,1,0,0
213,2016,Iowa,3,4.95,0,0,1,0.95,589474,208598,155002,57.37,42.63,1,0,0,0.616821098,0,0,1,0,0
214,2016,Kansas,3,5.1,0,1,0,1.1,523041,176022,139300,55.82,44.18,1,0,0,0.602862873,0,0,1,0,0
215,2016,Maine,2,3.8,0,0,1,0.2,520828,192878,159081,54.8,45.2,1,0,0,0.6757682,0,0,1,0,0
216,2016,Maryland,6,1.4,1,0,0,2.6,521983,133081,185770,41.74,58.26,0,1,0,0.610845564,0,0,1,0,0
217,2016,Michigan,1,4.55,0,0,1,0.55,562349,197777,144334,57.81,42.19,0,0,1,0.608360644,0,0,1,0,0
218,2016,Michigan,6,6.8,0,1,0,2.8,536350,193259,119980,61.7,38.3,1,0,0,0.584019763,0,0,1,0,0
219,2016,Michigan,7,5.45,0,1,0,1.45,542743,184321,134010,57.9,42.1,1,0,0,0.586522535,0,0,1,0,0
220,2016,Michigan,8,6,0,1,0,2,547280,205629,143791,58.85,41.15,1,0,0,0.638466598,0,0,1,0,0
221,2016,Minnesota,2,3.45,0,0,1,0.55,499925,173970,167315,50.97,49.03,0,0,1,0.682672401,0,0,1,0,0
222,2016,Minnesota,3,5.25,0,1,0,1.25,506587,223077,169243,56.86,43.14,1,0,0,0.77443756,0,0,1,0,0
223,2016,Minnesota,8,3.5,0,0,1,0.5,519505,177089,179098,49.72,50.28,0,1,0,0.685627665,0,0,1,0,0
224,2016,Montana,0,6.05,0,1,0,2.05,804263,285358,205919,58.08,41.92,1,0,0,0.61084123,0,0,1,0,0
225,2016,Nebraska,2,3.65,0,0,1,0.35,454282,141066,137602,50.62,49.38,0,1,0,0.613425141,0,0,1,0,0
226,2016,Nevada,3,3.6,0,0,1,0.4,563428,142926,146869,49.32,50.68,0,0,1,0.51434256,0,0,1,0,0
227,2016,Nevada,4,3.05,0,0,1,0.95,493015,118328,128985,47.85,52.15,1,0,0,0.501633825,0,0,1,0,0
228,2016,New Hampshire,1,3.05,0,0,1,0.95,NA,157176,162080,49.23,50.77,1,0,0,NA,0,0,1,0,0
229,2016,New Jersey,5,3.65,0,0,1,0.35,NA,157690,172587,47.74,52.26,1,0,0,NA,0,0,1,0,0
230,2016,New York,1,5.3,0,1,0,1.3,NA,188499,135278,58.22,41.78,1,0,0,NA,0,0,1,0,0
231,2016,New York,3,2.5,1,0,0,1.5,NA,152304,171775,47,53,0,0,1,NA,0,0,1,0,0
232,2016,New York,19,4.2,0,0,1,0.2,NA,166171,141224,54.06,45.94,0,0,1,NA,0,0,1,0,0
233,2016,New York,21,6.2,0,1,0,2.2,NA,177886,82161,68.41,31.59,1,0,0,NA,0,0,1,0,0
234,2016,New York,22,4.4,0,0,1,0.4,NA,129444,114266,53.11,46.89,0,0,1,NA,0,0,1,0,0
235,2016,New York,23,6,0,1,0,2,NA,161050,118584,57.59,42.41,1,0,0,NA,0,0,1,0,0
236,2016,New York,24,5.25,0,1,0,1.25,NA,182761,119040,60.56,39.44,1,0,0,NA,0,0,1,0,0
237,2016,New York,25,1.4,1,0,0,2.6,NA,142650,182950,43.81,56.19,0,1,0,NA,0,0,1,0,0
238,2016,Pennsylvania,6,6.6,0,1,0,2.6,516389,207469,155000,57.24,42.76,1,0,0,0.701930134,0,0,1,0,0
239,2016,Pennsylvania,8,4.2,0,0,1,0.2,537910,207263,173555,54.43,45.57,0,0,1,0.70795858,0,0,1,0,0
240,2016,Pennsylvania,16,5.8,0,1,0,1.8,540100,168669,134586,55.62,44.38,0,0,1,0.561479356,0,0,1,0,0
241,2016,Texas,23,3.8,0,0,1,0.2,474242,110577,107526,50.7,49.3,1,0,0,0.459898111,0,0,1,0,0
242,2016,Utah,4,5.25,0,1,0,1.25,495024,147597,113413,56.55,43.45,1,0,0,0.527267365,0,0,1,0,0
243,2016,Virginia,4,1.4,1,0,0,2.6,584924,145731,200136,42.13,57.87,0,0,1,0.59130246,0,0,1,0,0
244,2016,Virginia,5,5.85,0,1,0,1.85,570230,207758,148339,58.34,41.66,0,0,1,0.624479596,0,0,1,0,0
245,2016,Virginia,10,4.35,0,0,1,0.35,538859,210791,187712,52.9,47.1,1,0,0,0.73953112,0,0,1,0,0
246,2016,Wisconsin,8,5.45,0,1,0,1.45,546843,227892,135682,62.68,37.32,0,0,1,0.664859932,0,0,1,0,0
247,2018,Alaska,0,5.0416667,0,1,0,1.0417,530385,149779,131199,53.31,46.69,1,0,0,0.529762342,0,0,0,1,0
248,2018,Arizona,1,2.5833333,1,0,0,1.4167,549353,122784,143240,46.16,53.84,0,1,0,0.484249654,0,0,0,1,0
249,2018,Arizona,2,2.25,1,0,0,1.75,539385,133083,161000,45.25,54.75,0,0,1,0.545219092,0,0,0,1,0
250,2018,Arizona,6,6.3333333,0,1,0,2.3333,565541,173140,140559,55.19,44.81,1,0,0,0.554688343,0,0,0,1,0
251,2018,Arizona,8,6.2083333,0,1,0,2.2083,576753,168835,135569,55.46,44.54,1,0,0,0.527789192,0,0,0,1,0
252,2018,Arizona,9,1.1666667,1,0,0,2.8333,544288,101662,159583,38.91,61.09,0,0,1,0.479975675,0,0,0,1,0
253,2018,Arkansas,2,5.875,0,1,0,1.875,563787,132125,116135,53.22,46.78,1,0,0,0.440343605,0,0,0,1,0
254,2018,California,1,6.6666667,0,1,0,2.6667,545539,160046,131548,54.89,45.11,1,0,0,0.534506241,0,0,0,1,0
255,2018,California,4,6.0416667,0,1,0,2.0417,555490,184401,156253,54.13,45.87,1,0,0,0.613249563,0,0,0,1,0
256,2018,California,7,1.6666667,1,0,0,2.3333,526910,126601,155016,44.96,55.04,0,1,0,0.534468885,0,0,0,1,0
257,2018,California,10,3.5,0,0,1,0.5,467771,105955,115945,47.75,52.25,1,0,0,0.47437742,0,0,0,1,0
258,2018,California,16,1.3333333,1,0,0,2.6667,402445,60693,82266,42.45,57.55,0,1,0,0.35522618,0,0,0,1,0
259,2018,California,21,5.875,0,1,0,1.875,350034,56377,57239,49.62,50.38,1,0,0,0.324585612,0,0,0,1,0
260,2018,California,22,6.3333333,0,1,0,2.3333,470490,117243,105136,52.72,47.28,1,0,0,0.472654042,0,0,0,1,0
261,2018,California,24,1.3333333,1,0,0,2.6667,505763,117881,166550,41.44,58.56,0,1,0,0.562380008,0,0,0,1,0
262,2018,California,25,4,0,0,1,0,476031,111813,133209,45.63,54.37,1,0,0,0.514718579,0,0,0,1,0
263,2018,California,39,4.1666667,0,0,1,0.1667,483902,118391,126002,48.44,51.56,0,0,1,0.505046476,0,0,0,1,0
264,2018,California,45,3.6666667,0,0,1,0.3333,517976,146383,158906,47.95,52.05,1,0,0,0.589388311,0,0,0,1,0
265,2018,California,48,3.7083333,0,0,1,0.2917,525036,136899,157837,46.45,53.55,1,0,0,0.561363411,0,0,0,1,0
266,2018,California,49,2.0833333,1,0,0,1.9167,514955,128577,166453,43.58,56.42,0,0,1,0.572923848,0,0,0,1,0
267,2018,California,50,5.25,0,1,0,1.25,500272,134362,125448,51.72,48.28,1,0,0,0.51933748,0,0,0,1,0
268,2018,Colorado,3,6,0,1,0,2,551793,173205,146426,54.19,45.81,1,0,0,0.579258889,0,0,0,1,0
269,2018,Colorado,6,2.875,1,0,0,1.125,538733,148685,187639,44.21,55.79,1,0,0,0.624286984,0,0,0,1,0
270,2018,Florida,6,5.25,0,1,0,1.25,596696,187891,145758,56.31,43.69,0,0,1,0.559160779,0,0,0,1,0
271,2018,Florida,7,2.125,1,0,0,1.875,567729,134285,183113,42.31,57.69,0,1,0,0.559066033,0,0,0,1,0
272,2018,Florida,13,1.1666667,1,0,0,2.8333,567936,134254,182717,42.36,57.64,0,1,0,0.558110421,0,0,0,1,0
273,2018,Florida,15,4.4583333,0,0,1,0.4583,556293,151380,134132,53.02,46.98,0,0,1,0.513240325,0,0,0,1,0
274,2018,Florida,16,5.7083333,0,1,0,1.7083,597649,197483,164463,54.56,45.44,1,0,0,0.60561634,0,0,0,1,0
275,2018,Florida,18,5.375,0,1,0,1.375,570702,185905,156454,54.3,45.7,1,0,0,0.599891011,0,0,0,1,0
276,2018,Florida,25,5.8333333,0,1,0,1.8333,434837,128672,84173,60.45,39.55,1,0,0,0.489482266,0,0,0,1,0
277,2018,Florida,26,4.1666667,0,0,1,0.1667,467186,115678,119797,49.13,50.87,1,0,0,0.504028374,0,0,0,1,0
278,2018,Florida,27,2.9166667,1,0,0,1.0833,449720,115588,130743,46.92,53.08,0,0,1,0.54774304,0,0,0,1,0
279,2018,Georgia,6,4.5833333,0,0,1,0.5833,480080,156875,160139,49.49,50.51,1,0,0,0.660335777,0,0,0,1,0
280,2018,Georgia,7,5.25,0,1,0,1.25,473990,140430,140011,50.07,49.93,1,0,0,0.591660162,0,0,0,1,0
281,2018,Illinois,6,3.5416667,0,0,1,0.4583,518628,146445,169001,46.42,53.58,1,0,0,0.608231719,0,0,0,1,0
282,2018,Illinois,12,4.9583333,0,0,1,0.9583,533604,134884,118724,53.19,46.81,1,0,0,0.475273799,0,0,0,1,0
283,2018,Illinois,13,5.0833333,0,1,0,1.0833,540956,136516,134458,50.38,49.62,1,0,0,0.500916895,0,0,0,1,0
284,2018,Illinois,14,3.6666667,0,0,1,0.3333,518415,141164,156035,47.5,52.5,1,0,0,0.573283952,0,0,0,1,0
285,2018,Indiana,2,6.2083333,0,1,0,2.2083,521068,125499,103363,54.84,45.16,1,0,0,0.439217146,0,0,0,1,0
286,2018,Indiana,9,6.5,0,1,0,2.5,567923,153271,118090,56.48,43.52,1,0,0,0.477813013,0,0,0,1,0
287,2018,Iowa,1,2.5833333,1,0,0,1.4167,579428,153442,170342,47.39,52.61,1,0,0,0.558799368,0,0,0,1,0
288,2018,Iowa,2,1.1666667,1,0,0,2.8333,580155,133287,171446,43.74,56.26,0,1,0,0.525261353,0,0,0,1,0
289,2018,Iowa,3,3.6666667,0,0,1,0.3333,589474,167933,175642,48.88,51.12,1,0,0,0.582850134,0,0,0,1,0
290,2018,Iowa,4,5.5416667,0,1,0,1.5417,563609,157676,147246,51.71,48.29,1,0,0,0.541016911,0,0,0,1,0
291,2018,Kansas,2,3.6666667,0,0,1,0.3333,537829,126098,123859,50.45,49.55,0,0,1,0.464751808,0,0,0,1,0
292,2018,Kansas,3,2.75,1,0,0,1.25,523041,139762,170518,45.04,54.96,1,0,0,0.593223093,0,0,0,1,0
293,2018,Kentucky,6,4.1666667,0,0,1,0.1667,569798,154468,144736,51.63,48.37,1,0,0,0.525105388,0,0,0,1,0
294,2018,Maine,2,3.6666667,0,0,1,0.3333,520828,134184,132013,50.41,49.59,1,0,0,0.511103474,0,0,0,1,0
295,2018,Maine,2,3.6666667,0,0,1,0.3333,520828,138931,142440,49.38,50.62,1,0,0,0.540237852,0,0,0,1,0
296,2018,Michigan,1,6.3333333,0,1,0,2.3333,562349,187251,145246,56.32,43.68,1,0,0,0.591264499,0,0,0,1,0
297,2018,Michigan,2,6.6666667,0,1,0,2.6667,538157,168970,131254,56.28,43.72,1,0,0,0.557874375,0,0,0,1,0
298,2018,Michigan,3,6.6666667,0,1,0,2.6667,538607,169107,134185,55.76,44.24,1,0,0,0.563104453,0,0,0,1,0
299,2018,Michigan,6,5.375,0,1,0,1.375,536350,147436,134082,52.37,47.63,1,0,0,0.524877412,0,0,0,1,0
300,2018,Michigan,7,5.5416667,0,1,0,1.5417,542743,158730,136330,53.8,46.2,1,0,0,0.543645888,0,0,0,1,0
301,2018,Michigan,8,3.5416667,0,0,1,0.4583,547280,159782,172880,48.03,51.97,1,0,0,0.607846075,0,0,0,1,0
302,2018,Michigan,11,3.0416667,0,0,1,0.9583,527362,158463,181912,46.56,53.44,0,0,1,0.645429515,0,0,0,1,0
303,2018,Minnesota,1,3.8333333,0,0,1,0.1667,494576,146200,144885,50.23,49.77,0,0,1,0.588554641,0,0,0,1,0
304,2018,Minnesota,2,3.0416667,0,0,1,0.9583,499925,159344,177958,47.24,52.76,1,0,0,0.674705206,0,0,0,1,0
305,2018,Minnesota,3,3.0416667,0,0,1,0.9583,506587,160839,202404,44.28,55.72,1,0,0,0.717039719,0,0,0,1,0
306,2018,Minnesota,7,2.1666667,1,0,0,1.8333,496634,134668,146672,47.87,52.13,0,1,0,0.566493635,0,0,0,1,0
307,2018,Minnesota,8,5.25,0,1,0,1.25,519505,159364,141950,52.89,47.11,0,0,1,0.580002117,0,0,0,1,0
308,2018,Missouri,2,6,0,1,0,2,577377,192477,177611,52.01,47.99,1,0,0,0.640981542,0,0,0,1,0
309,2018,Montana,0,5.2083333,0,1,0,1.2083,804263,256661,233284,52.39,47.61,1,0,0,0.609185055,0,0,0,1,0
310,2018,Nebraska,2,5.0833333,0,1,0,1.0833,454282,126715,121770,51,49,1,0,0,0.546984032,0,0,0,1,0
311,2018,Nevada,3,3.0416667,0,0,1,0.9583,563428,122566,148501,45.22,54.78,0,0,1,0.481103176,0,0,0,1,0
312,2018,Nevada,4,2.75,1,0,0,1.25,493015,102748,121962,45.72,54.28,0,0,1,0.455787349,0,0,0,1,0
313,2018,New Hampshire,1,2.5833333,1,0,0,1.4167,NA,130996,155884,45.66,54.34,0,0,1,NA,0,0,0,1,0
314,2018,New Hampshire,2,1.1666667,1,0,0,2.8333,NA,117990,155358,43.16,56.84,0,1,0,NA,0,0,0,1,0
315,2018,New Jersey,2,1.4583333,1,0,0,2.5417,NA,116866,136685,46.09,53.91,0,0,1,NA,0,0,0,1,0
316,2018,New Jersey,3,3.7083333,0,0,1,0.2917,NA,149500,153473,49.34,50.66,1,0,0,NA,0,0,0,1,0
317,2018,New Jersey,4,6.8333333,0,1,0,2.8333,NA,163065,126766,56.26,43.74,1,0,0,NA,0,0,0,1,0
318,2018,New Jersey,5,1.6666667,1,0,0,2.3333,NA,128255,169546,43.07,56.93,0,1,0,NA,0,0,0,1,0
319,2018,New Jersey,7,3.3333333,0,0,1,0.6667,NA,150785,166985,47.45,52.55,1,0,0,NA,0,0,0,1,0
320,2018,New Jersey,11,2.75,1,0,0,1.25,NA,136322,183684,42.6,57.4,0,0,1,NA,0,0,0,1,0
321,2018,New Mexico,1,1.1666667,1,0,0,2.8333,NA,90507,147336,38.05,61.95,0,0,1,NA,0,0,0,1,0
322,2018,New Mexico,2,3.8333333,0,0,1,0.1667,NA,97767,101489,49.07,50.93,0,0,1,NA,0,0,0,1,0
323,2018,New York,1,5.8333333,0,1,0,1.8333,NA,139027,127991,52.07,47.93,1,0,0,NA,0,0,0,1,0
324,2018,New York,2,6.1666667,0,1,0,2.1667,NA,128078,113074,53.11,46.89,1,0,0,NA,0,0,0,1,0
325,2018,New York,3,1.1666667,1,0,0,2.8333,NA,109514,157456,41.02,58.98,0,1,0,NA,0,0,0,1,0
326,2018,New York,11,5.4166667,0,1,0,1.4167,NA,89441,101823,46.76,53.24,1,0,0,NA,0,0,0,1,0
327,2018,New York,18,1.3333333,1,0,0,2.6667,NA,112035,139564,44.53,55.47,0,1,0,NA,0,0,0,1,0
328,2018,New York,19,3.5416667,0,0,1,0.4583,NA,132873,147873,47.33,52.67,1,0,0,NA,0,0,0,1,0
329,2018,New York,21,6.3333333,0,1,0,2.3333,NA,131981,99791,56.94,43.06,1,0,0,NA,0,0,0,1,0
330,2018,New York,22,3.7083333,0,0,1,0.2917,NA,123242,127715,49.11,50.89,1,0,0,NA,0,0,0,1,0
331,2018,New York,23,6.3333333,0,1,0,2.3333,NA,130323,109932,54.24,45.76,1,0,0,NA,0,0,0,1,0
332,2018,New York,24,5.4166667,0,1,0,1.4167,NA,136920,123226,52.63,47.37,1,0,0,NA,0,0,0,1,0
333,2018,New York,27,5.25,0,1,0,1.25,NA,140146,139059,50.19,49.81,1,0,0,NA,0,0,0,1,0
334,2018,North Carolina,2,5.25,0,1,0,1.25,NA,170072,151977,52.81,47.19,1,0,0,NA,0,0,0,1,0
335,2018,North Carolina,6,6.8333333,0,1,0,2.8333,NA,160709,123651,56.52,43.48,1,0,0,NA,0,0,0,1,0
336,2018,North Carolina,7,6.8333333,0,1,0,2.8333,NA,156809,120838,56.48,43.52,1,0,0,NA,0,0,0,1,0
337,2018,North Carolina,8,6.3333333,0,1,0,2.3333,NA,141402,114119,55.34,44.66,1,0,0,NA,0,0,0,1,0
338,2018,North Carolina,9,3.8333333,0,0,1,0.1667,NA,139246,138341,50.16,49.84,0,0,1,NA,0,0,0,1,0
339,2018,North Carolina,13,4.7916667,0,0,1,0.7917,NA,147570,130402,53.09,46.91,1,0,0,NA,0,0,0,1,0
340,2018,Ohio,1,5.125,0,1,0,1.125,537446,154409,141118,52.25,47.75,1,0,0,0.549872917,0,0,0,1,0
341,2018,Ohio,7,6.6666667,0,1,0,2.6667,551430,153117,107536,58.74,41.26,1,0,0,0.472685563,0,0,0,1,0
342,2018,Ohio,10,6.1666667,0,1,0,2.1667,548220,157554,118785,57.01,42.99,1,0,0,0.504065886,0,0,0,1,0
343,2018,Ohio,12,4.6666667,0,0,1,0.6667,571539,175677,161251,52.14,47.86,1,0,0,0.589510077,0,0,0,1,0
344,2018,Ohio,14,5.875,0,1,0,1.875,550315,169809,137549,55.25,44.75,1,0,0,0.558512852,0,0,0,1,0
345,2018,Ohio,15,6.8333333,0,1,0,2.8333,576086,170593,116112,59.5,40.5,1,0,0,0.49767743,0,0,0,1,0
346,2018,Ohio,16,6.8333333,0,1,0,2.8333,556785,170029,129681,56.73,43.27,0,0,1,0.538286771,0,0,0,1,0
347,2018,Oklahoma,5,6.1666667,0,1,0,2.1667,552434,117811,121149,49.3,50.7,1,0,0,0.432558459,0,0,0,1,0
348,2018,Oregon,5,1.5,1,0,0,2.5,586219,149887,197187,43.19,56.81,0,1,0,0.592055188,0,0,0,1,0
349,2018,Pennsylvania,1,4.1666667,0,0,1,0.1667,537869,169053,160745,51.26,48.74,1,0,0,0.613156735,0,0,0,1,0
350,2018,Pennsylvania,5,1.4583333,1,0,0,2.5417,520831,106075,198639,34.81,65.19,0,0,1,0.585053501,0,0,0,1,0
351,2018,Pennsylvania,6,1.4583333,1,0,0,2.5417,516389,124124,177704,41.12,58.88,0,0,1,0.584497346,0,0,0,1,0
352,2018,Pennsylvania,7,2.5833333,1,0,0,1.4167,541680,114437,140813,44.83,55.17,0,0,1,0.47121917,0,0,0,1,0
353,2018,Pennsylvania,8,1.9166667,1,0,0,2.0833,537910,112563,135603,45.36,54.64,0,1,0,0.461352271,0,0,0,1,0
354,2018,Pennsylvania,10,4.75,0,0,1,0.75,547580,149365,141668,51.32,48.68,1,0,0,0.531489463,0,0,0,1,0
355,2018,Pennsylvania,11,6.8333333,0,1,0,2.8333,545860,163708,113876,58.98,41.02,1,0,0,0.508525996,0,0,0,1,0
356,2018,Pennsylvania,14,6.5416667,0,1,0,2.5417,554526,151386,110051,57.91,42.09,0,0,1,0.47146031,0,0,0,1,0
357,2018,Pennsylvania,16,5.2083333,0,1,0,1.2083,540100,135348,124109,52.17,47.83,1,0,0,0.480386965,0,0,0,1,0
358,2018,Pennsylvania,17,1.9166667,1,0,0,2.0833,554549,142417,183162,43.74,56.26,0,1,0,0.587105919,0,0,0,1,0
359,2018,South Carolina,1,5.375,0,1,0,1.375,NA,141473,145455,49.31,50.69,0,0,1,NA,0,0,0,1,0
360,2018,Texas,2,6.3333333,0,1,0,2.3333,505415,139188,119992,53.7,46.3,0,0,1,0.512806308,0,0,0,1,0
361,2018,Texas,6,6.5,0,1,0,2.5,522243,135961,116350,53.89,46.11,0,0,1,0.483129501,0,0,0,1,0
362,2018,Texas,7,4.2916667,0,0,1,0.2917,455009,115642,127959,47.47,52.53,1,0,0,0.535376223,0,0,0,1,0
363,2018,Texas,10,6.6666667,0,1,0,2.6667,548535,157166,144034,52.18,47.82,1,0,0,0.549098964,0,0,0,1,0
364,2018,Texas,21,6.0416667,0,1,0,2.0417,595110,177654,168421,51.33,48.67,0,0,1,0.581531146,0,0,0,1,0
365,2018,Texas,22,6.1666667,0,1,0,2.1667,545682,152750,138153,52.51,47.49,1,0,0,0.533099864,0,0,0,1,0
366,2018,Texas,23,5.25,0,1,0,1.25,474242,103285,102359,50.23,49.77,1,0,0,0.433626714,0,0,0,1,0
367,2018,Texas,24,6.8333333,0,1,0,2.8333,495806,133317,125231,51.56,48.44,1,0,0,0.521470091,0,0,0,1,0
368,2018,Texas,25,6.8333333,0,1,0,2.8333,553092,163023,136385,54.45,45.55,1,0,0,0.541334895,0,0,0,1,0
369,2018,Texas,31,6.2083333,0,1,0,2.2083,566721,144680,136362,51.48,48.52,1,0,0,0.495908922,0,0,0,1,0
370,2018,Texas,32,4,0,0,1,0,493394,126101,144067,46.68,53.32,1,0,0,0.547570501,0,0,0,1,0
371,2018,Utah,4,3.6666667,0,0,1,0.3333,495024,134270,134964,49.87,50.13,1,0,0,0.543880701,0,0,0,1,0
372,2018,Virginia,2,4.2916667,0,0,1,0.2917,554237,133458,139571,48.88,51.12,1,0,0,0.492621388,0,0,0,1,0
373,2018,Virginia,5,4.875,0,0,1,0.875,570230,165339,145040,53.27,46.73,0,0,1,0.54430493,0,0,0,1,0
374,2018,Virginia,7,3.8333333,0,0,1,0.1667,561597,169295,176079,49.02,50.98,1,0,0,0.614985479,0,0,0,1,0
375,2018,Virginia,10,2.875,1,0,0,1.125,538859,160841,206356,43.8,56.2,1,0,0,0.68143429,0,0,0,1,0
376,2018,Washington,3,5.2083333,0,1,0,1.2083,523293,161819,145407,52.67,47.33,1,0,0,0.587101299,0,0,0,1,0
377,2018,Washington,5,5.375,0,1,0,1.375,533997,175422,144925,54.76,45.24,1,0,0,0.599904119,0,0,0,1,0
378,2018,Washington,8,3.5,0,0,1,0.5,506305,148968,164089,47.58,52.42,0,0,1,0.618317022,0,0,0,1,0
379,2018,West Virginia,2,6.6666667,0,1,0,2.6667,NA,110504,88011,55.67,44.33,1,0,0,NA,0,0,0,1,0
380,2018,West Virginia,3,5.25,0,1,0,1.25,NA,98645,76340,56.37,43.63,0,0,1,NA,0,0,0,1,0
381,2018,Wisconsin,1,5.25,0,1,0,1.25,535340,177492,137508,56.35,43.65,0,0,1,0.588411103,0,0,0,1,0
382,2018,Wisconsin,3,1.1666667,1,0,0,2.8333,559186,126980,187888,40.33,59.67,0,1,0,0.563082767,0,0,0,1,0
383,2018,Wisconsin,6,6.5,0,1,0,2.5,548845,180311,144536,55.51,44.49,1,0,0,0.591873844,0,0,0,1,0
384,2020,Alaska,0,5.40625,0,1,0,1.4063,532553,192126,159856,54.58,45.42,1,0,0,0.660933278,0,0,0,0,1
385,2020,Arizona,1,2.34375,1,0,0,1.6563,571454,176709,188469,48.39,51.61,0,1,0,0.639033063,0,0,0,0,1
386,2020,Arizona,2,1.125,1,0,0,2.875,553192,170975,209945,44.88,55.12,0,1,0,0.688585518,0,0,0,0,1
387,2020,Arizona,6,4.125,0,0,1,0.125,593835,217783,199644,52.17,47.83,1,0,0,0.702934317,0,0,0,0,1
388,2020,Arkansas,2,4.5,0,0,1,0.5,569302,184093,148410,55.37,44.63,1,0,0,0.584053806,0,0,0,0,1
389,2020,California,1,6.5,0,1,0,2.5,543723,204190,154073,56.99,43.01,1,0,0,0.658907201,0,0,0,0,1
390,2020,California,4,6.25,0,1,0,2.25,571765,247291,194731,55.95,44.05,1,0,0,0.773083347,0,0,0,0,1
391,2020,California,7,1.125,1,0,0,2.875,535496,166549,217416,43.38,56.62,0,1,0,0.717026831,0,0,0,0,1
392,2020,California,8,6.75,0,1,0,2.75,482457,158711,124400,56.06,43.94,0,0,1,0.586810845,0,0,0,0,1
393,2020,California,10,1.625,1,0,0,2.375,482386,135629,166865,44.84,55.16,0,1,0,0.627078729,0,0,0,0,1
394,2020,California,21,3.625,0,0,1,0.375,362407,85928,84406,50.45,49.55,0,1,0,0.470007478,0,0,0,0,1
395,2020,California,22,6.625,0,1,0,2.625,482747,170888,144251,54.23,45.77,1,0,0,0.652803642,0,0,0,0,1
396,2020,California,25,4.125,0,0,1,0.125,474528,169638,169305,50.05,49.95,1,0,0,0.714273973,0,0,0,0,1
397,2020,California,39,2.96875,1,0,0,1.0313,495007,173946,169837,50.6,49.4,0,1,0,0.69450129,0,0,0,0,1
398,2020,California,42,6.875,0,1,0,2.875,544900,210274,157773,57.13,42.87,1,0,0,0.67543953,0,0,0,0,1
399,2020,California,45,1.25,1,0,0,2.75,529045,193096,221843,46.54,53.46,0,1,0,0.784317024,0,0,0,0,1
400,2020,California,48,2.9375,1,0,0,1.0625,526102,201738,193362,51.06,48.94,0,1,0,0.750995054,0,0,0,0,1
401,2020,California,50,5.78125,0,1,0,1.7813,509350,195521,166869,53.95,46.05,0,0,1,0.71147541,0,0,0,0,1
402,2020,Colorado,3,4.71875,0,0,1,0.7188,567907,220634,194122,53.2,46.8,0,0,1,0.730323803,0,0,0,0,1
403,2020,Colorado,6,1.125,1,0,0,2.875,560937,175192,250314,41.17,58.83,0,1,0,0.758562905,0,0,0,0,1
404,2020,Florida,7,1.25,1,0,0,2.75,583427,175750,224946,43.86,56.14,0,1,0,0.686797149,0,0,0,0,1
405,2020,Florida,13,1.25,1,0,0,2.75,584369,190713,215405,46.96,53.04,0,1,0,0.694968419,0,0,0,0,1
406,2020,Florida,15,5.1875,0,1,0,1.1875,582193,216374,174297,55.39,44.61,0,0,1,0.671033489,0,0,0,0,1
407,2020,Florida,16,5.90625,0,1,0,1.9063,639522,269001,215683,55.5,44.5,1,0,0,0.757884795,0,0,0,0,1
408,2020,Florida,18,6.28125,0,1,0,2.2813,592871,253286,186674,57.57,42.43,1,0,0,0.74208386,0,0,0,0,1
409,2020,Florida,26,3.03125,0,0,1,0.9688,476187,177223,165407,51.72,48.28,0,1,0,0.719528253,0,0,0,0,1
410,2020,Florida,27,1.875,1,0,0,2.125,454417,176141,166758,51.37,48.63,0,1,0,0.754591047,0,0,0,0,1
411,2020,Georgia,6,2.71875,1,0,0,1.2813,499106,180329,216775,45.41,54.59,0,1,0,0.795630587,0,0,0,0,1
412,2020,Georgia,7,3.40625,0,0,1,0.5938,501272,180564,190900,48.61,51.39,0,0,1,0.741042787,0,0,0,0,1
413,2020,Illinois,6,1.5,1,0,0,2.5,520319,183891,213777,46.24,53.76,0,1,0,0.764277299,0,0,0,0,1
414,2020,Illinois,13,4.375,0,0,1,0.375,541260,181373,151648,54.46,45.54,1,0,0,0.615269926,0,0,0,0,1
415,2020,Illinois,14,2,1,0,0,2,527885,197835,203209,49.33,50.67,0,1,0,0.759718499,0,0,0,0,1
416,2020,Illinois,17,1.875,1,0,0,2.125,508081,143863,156011,47.97,52.03,0,1,0,0.590209041,0,0,0,0,1
417,2020,Indiana,5,3.65625,0,0,1,0.3438,575022,208212,191226,52.13,47.87,0,0,1,0.694648205,0,0,0,0,1
418,2020,Iowa,1,3.0625,0,0,1,0.9375,580599,212088,201347,51.3,48.7,0,1,0,0.712083555,0,0,0,0,1
419,2020,Iowa,2,2.9375,1,0,0,1.0625,583217,196964,196958,50,50,0,0,1,0.675429557,0,0,0,0,1
420,2020,Iowa,3,2.8125,1,0,0,1.1875,606164,212997,219205,49.28,50.72,0,1,0,0.71301166,0,0,0,0,1
421,2020,Iowa,4,6.625,0,1,0,2.625,561673,237369,144761,62.12,37.88,0,0,1,0.680342477,0,0,0,0,1
422,2020,Kansas,2,6,0,1,0,2,542116,185464,136650,57.58,42.42,0,0,1,0.594179106,0,0,0,0,1
423,2020,Kansas,3,1.25,1,0,0,2.75,537375,178773,220049,44.83,55.17,0,1,0,0.742167016,0,0,0,0,1
424,2020,Kentucky,6,6,0,1,0,2,580203,216948,155011,58.33,41.67,1,0,0,0.641084241,0,0,0,0,1
425,2020,Maine,2,1.875,1,0,0,2.125,523466,175228,197974,46.95,53.05,0,1,0,0.712944107,0,0,0,0,1
426,2020,Michigan,3,4.25,0,0,1,0.25,548606,213649,189769,52.96,47.04,0,0,1,0.735351053,0,0,0,0,1
427,2020,Michigan,6,5.28125,0,1,0,1.2813,541196,211496,152085,58.17,41.83,1,0,0,0.671810213,0,0,0,0,1
428,2020,Michigan,7,6.875,0,1,0,2.875,546091,227524,159743,58.75,41.25,1,0,0,0.709162026,0,0,0,0,1
429,2020,Michigan,8,2.25,1,0,0,1.75,556283,202525,217922,48.17,51.83,0,1,0,0.755814936,0,0,0,0,1
430,2020,Michigan,11,2.25,1,0,0,1.75,535588,215405,226128,48.79,51.21,0,1,0,0.824389269,0,0,0,0,1
431,2020,Minnesota,1,4.15625,0,0,1,0.1563,498389,179234,167890,51.63,48.37,1,0,0,0.696492098,0,0,0,0,1
432,2020,Minnesota,2,2,1,0,0,2,512190,194954,204534,48.8,51.2,0,1,0,0.779960562,0,0,0,0,1
433,2020,Minnesota,3,1.25,1,0,0,2.75,517537,196625,246666,44.36,55.64,0,1,0,0.856539726,0,0,0,0,1
434,2020,Minnesota,5,1.125,1,0,0,2.875,525375,102878,255924,28.67,71.33,0,1,0,0.682944563,0,0,0,0,1
435,2020,Minnesota,7,4.75,0,0,1,0.75,498454,194066,144840,57.26,42.74,0,1,0,0.679914295,0,0,0,0,1
436,2020,Minnesota,8,6.875,0,1,0,2.875,524508,223432,147853,60.18,39.82,1,0,0,0.707872902,0,0,0,0,1
437,2020,Missouri,2,4.15625,0,0,1,0.1563,576837,233157,204540,53.27,46.73,1,0,0,0.758788011,0,0,0,0,1
438,2020,Montana,0,5.0625,0,1,0,1.0625,823797,339169,262340,56.39,43.61,0,0,1,0.730166534,0,0,0,0,1
439,2020,Nebraska,2,4.28125,0,0,1,0.2813,466368,171071,155706,52.35,47.65,1,0,0,0.700684867,0,0,0,0,1
440,2020,Nevada,3,2.71875,1,0,0,1.2813,606488,190975,203421,48.42,51.58,0,1,0,0.650294812,0,0,0,0,1
441,2020,Nevada,4,2,1,0,0,2,516069,152284,168457,47.48,52.52,0,1,0,0.621507977,0,0,0,0,1
442,2020,New Hampshire,1,2.34375,1,0,0,1.6563,NA,185159,205606,47.38,52.62,0,1,0,NA,0,0,0,0,1
443,2020,New Hampshire,2,1.625,1,0,0,2.375,NA,168886,208289,44.78,55.22,0,1,0,NA,0,0,0,0,1
444,2020,New Jersey,2,3.65625,0,0,1,0.3438,NA,195526,173849,52.93,47.07,1,0,0,NA,0,0,0,0,1
445,2020,New Jersey,3,2.25,1,0,0,1.75,NA,196327,229840,46.07,53.93,0,1,0,NA,0,0,0,0,1
446,2020,New Jersey,5,1.125,1,0,0,2.875,NA,193333,225175,46.2,53.8,0,1,0,NA,0,0,0,0,1
447,2020,New Jersey,7,2.71875,1,0,0,1.2813,NA,214318,219629,49.39,50.61,0,1,0,NA,0,0,0,0,1
448,2020,New Jersey,11,1.25,1,0,0,2.75,NA,206013,235163,46.7,53.3,0,1,0,NA,0,0,0,0,1
449,2020,New Mexico,2,3.75,0,0,1,0.25,NA,142283,122546,53.73,46.27,0,1,0,NA,0,0,0,0,1
450,2020,New York,1,5.1875,0,1,0,1.1875,NA,199763,157484,55.92,44.08,1,0,0,NA,0,0,0,0,1
451,2020,New York,2,3.75,0,0,1,0.25,NA,177353,154123,53.5,46.5,0,0,1,NA,0,0,0,0,1
452,2020,New York,11,3.875,0,0,1,0.125,NA,155608,137198,53.14,46.86,0,1,0,NA,0,0,0,0,1
453,2020,New York,18,1.375,1,0,0,2.625,NA,145098,187169,43.67,56.33,0,1,0,NA,0,0,0,0,1
454,2020,New York,19,1.5,1,0,0,2.5,NA,151475,192100,44.09,55.91,0,1,0,NA,0,0,0,0,1
455,2020,New York,21,6.875,0,1,0,2.875,NA,188649,131992,58.83,41.17,1,0,0,NA,0,0,0,0,1
456,2020,New York,22,3.40625,0,0,1,0.5938,NA,156098,155989,50.02,49.98,0,1,0,NA,0,0,0,0,1
457,2020,New York,24,4.21875,0,0,1,0.2188,NA,182567,147638,55.29,44.71,1,0,0,NA,0,0,0,0,1
458,2020,New York,27,6.75,0,1,0,2.75,NA,229044,149559,60.5,39.5,1,0,0,NA,0,0,0,0,1
459,2020,North Carolina,1,1.375,1,0,0,2.625,NA,159748,188870,45.82,54.18,0,1,0,NA,0,0,0,0,1
460,2020,North Carolina,2,1.21875,1,0,0,2.7813,NA,172544,311887,35.62,64.38,0,0,1,NA,0,0,0,0,1
461,2020,North Carolina,6,1.21875,1,0,0,2.7813,NA,153598,253531,37.73,62.27,0,0,1,NA,0,0,0,0,1
462,2020,North Carolina,8,5.09375,0,1,0,1.0938,NA,202774,177781,53.28,46.72,1,0,0,NA,0,0,0,0,1
463,2020,North Carolina,9,6,0,1,0,2,NA,224661,179463,55.59,44.41,1,0,0,NA,0,0,0,0,1
464,2020,North Carolina,11,5.3125,0,1,0,1.3125,NA,245351,190609,56.28,43.72,0,0,1,NA,0,0,0,0,1
465,2020,Ohio,1,4.28125,0,0,1,0.2813,546487,199560,172022,53.71,46.29,1,0,0,0.679946641,0,0,0,0,1
466,2020,Ohio,10,6.03125,0,1,0,2.0313,551055,212972,151976,58.36,41.64,1,0,0,0.662271461,0,0,0,0,1
467,2020,Ohio,12,6.125,0,1,0,2.125,586070,241790,182847,56.94,43.06,1,0,0,0.724549968,0,0,0,0,1
468,2020,Ohio,13,1.125,1,0,0,2.875,555958,148648,173631,46.12,53.88,0,1,0,0.579682278,0,0,0,0,1
469,2020,Oklahoma,5,4,0,0,1,0,564126,158191,145658,52.06,47.94,0,1,0,0.538619032,0,0,0,0,1
470,2020,Oregon,4,2.84375,1,0,0,1.1563,639960,216081,240950,47.28,52.72,0,1,0,0.714155572,0,0,0,0,1
471,2020,Pennsylvania,1,4.9375,0,0,1,0.9375,541091,249804,191875,56.56,43.44,1,0,0,0.816274896,0,0,0,0,1
472,2020,Pennsylvania,7,1.625,1,0,0,2.375,547108,181407,195475,48.13,51.87,0,1,0,0.688862162,0,0,0,0,1
473,2020,Pennsylvania,8,2.25,1,0,0,1.75,537086,165783,178004,48.22,51.78,0,1,0,0.640096744,0,0,0,0,1
474,2020,Pennsylvania,10,3.75,0,0,1,0.25,554907,208896,182938,53.31,46.69,1,0,0,0.706125531,0,0,0,0,1
475,2020,Pennsylvania,16,6.75,0,1,0,2.75,536924,210088,143962,59.34,40.66,1,0,0,0.65940431,0,0,0,0,1
476,2020,Pennsylvania,17,2.5,1,0,0,1.5,554725,212284,222253,48.85,51.15,0,1,0,0.78333769,0,0,0,0,1
477,2020,South Carolina,1,3.1875,0,0,1,0.8125,NA,216042,210627,50.63,49.37,0,1,0,NA,0,0,0,0,1
478,2020,South Carolina,2,6.375,0,1,0,2.375,NA,202715,155118,56.65,43.35,1,0,0,NA,0,0,0,0,1
479,2020,Texas,1,6.875,0,1,0,2.875,513424,219726,83016,72.58,27.42,1,0,0,0.589652996,0,0,0,0,1
480,2020,Texas,2,6.5,0,1,0,2.5,523366,192828,148374,56.51,43.49,1,0,0,0.65193765,0,0,0,0,1
481,2020,Texas,3,5.8125,0,1,0,1.8125,572927,230512,179458,56.23,43.77,1,0,0,0.715571094,0,0,0,0,1
482,2020,Texas,6,6.15625,0,1,0,2.1563,543353,179507,149530,54.56,45.44,1,0,0,0.605567651,0,0,0,0,1
483,2020,Texas,7,2.34375,1,0,0,1.6563,470059,149054,159529,48.3,51.7,0,1,0,0.656477166,0,0,0,0,1
484,2020,Texas,10,4.9375,0,0,1,0.9375,598933,217216,187686,53.65,46.35,1,0,0,0.676038889,0,0,0,0,1
485,2020,Texas,21,4.5,0,0,1,0.5,622992,235740,205780,53.39,46.61,1,0,0,0.70870894,0,0,0,0,1
486,2020,Texas,22,4.25,0,0,1,0.25,587439,210259,181998,53.6,46.4,0,0,1,0.667740821,0,0,0,0,1
487,2020,Texas,23,3.03125,0,0,1,0.9688,489437,149395,137693,52.04,47.96,0,0,1,0.586567832,0,0,0,0,1
488,2020,Texas,24,3.53125,0,0,1,0.4688,514233,167910,163326,50.69,49.31,0,0,1,0.644136024,0,0,0,0,1
489,2020,Texas,25,6.03125,0,1,0,2.0313,582952,220088,165697,57.05,42.95,1,0,0,0.661778328,0,0,0,0,1
490,2020,Texas,27,6.875,0,1,0,2.875,517553,172305,95466,64.35,35.65,1,0,0,0.517378896,0,0,0,0,1
491,2020,Texas,31,6.125,0,1,0,2.125,606251,212695,176293,54.68,45.32,1,0,0,0.641628632,0,0,0,0,1
492,2020,Texas,32,2.125,1,0,0,1.875,509235,157867,178542,46.93,53.07,0,1,0,0.660616415,0,0,0,0,1
493,2020,Utah,4,3.65625,0,0,1,0.3438,522227,179688,175923,50.53,49.47,0,1,0,0.680951004,0,0,0,0,1
494,2020,Virginia,1,6.875,0,1,0,2.875,582942,260614,186923,58.23,41.77,1,0,0,0.767721317,0,0,0,0,1
495,2020,Virginia,2,2.71875,1,0,0,1.2813,557735,165031,185733,47.05,52.95,0,1,0,0.628907994,0,0,0,0,1
496,2020,Virginia,5,4.125,0,0,1,0.125,577025,210988,190315,52.58,47.42,0,0,1,0.695469,0,0,0,0,1
497,2020,Virginia,7,3.28125,0,0,1,0.7188,576592,222623,230893,49.09,50.91,0,1,0,0.786545772,0,0,0,0,1
498,2020,Virginia,10,1.125,1,0,0,2.875,560292,206253,268734,43.42,56.58,0,1,0,0.847749031,0,0,0,0,1
499,2020,Washington,3,5.3125,0,1,0,1.3125,546144,235579,181347,56.5,43.5,1,0,0,0.763399396,0,0,0,0,1
500,2020,Washington,8,1.875,1,0,0,2.125,519931,198423,213123,48.21,51.79,0,1,0,0.791539647,0,0,0,0,1
501,2020,Wisconsin,3,2.125,1,0,0,1.875,564199,189524,199870,48.67,51.33,0,1,0,0.690171376,0,0,0,0,1