"","year","STATENAME","DISTRICT","avg_rating","Close_E_D","LLS_R","LLS_D","St_AVG_R","st_cd_fips","est_cost_sum","cvap","RepVotes","DemVotes","RepVotesMajorPercent","DemVotesMajorPercent","Incumbent_R","Incumbent_D","Open_seat","voterTR"
"1",2012,"Arizona",1,4.1428571,0,0,1,0.1429,401,9017940,549353,113594,122774,48.06,51.94,0,0,1,0.430266149452174
"2",2012,"Arizona",2,3.1428571,0,0,1,0.8571,402,2792690,539385,144884,147338,49.58,50.42,0,1,0,0.541768866394134
"3",2012,"Arizona",9,3.3571429,0,0,1,0.6429,409,7528820,544288,111630,121881,47.81,52.19,0,0,1,0.429021032982539
"4",2012,"Arkansas",1,6.8571429,0,1,0,2.8571,501,417270,546407,138800,96601,58.96,41.04,1,0,0,0.430816223071813
"5",2012,"Arkansas",4,6.7142857,0,1,0,2.7143,504,1220330,535460,154149,95013,61.87,38.13,0,0,1,0.46532327344713
"6",2012,"California",3,1.9285714,1,0,0,2.0714,603,764420,497300,107086,126882,45.77,54.23,0,1,0,0.470476573496883
"7",2012,"California",7,3.8571429,0,0,1,0.1429,607,6844170,526910,132050,141241,48.32,51.68,1,0,0,0.518667324590537
"8",2012,"California",9,3.5,0,0,1,0.5,609,4246770,472835,94704,118373,44.45,55.55,0,1,0,0.450637114426808
"9",2012,"California",10,4.3571429,0,0,1,0.3571,610,6826270,467771,110265,98934,52.71,47.29,1,0,0,0.447225244831338
"10",2012,"California",16,1.3571429,1,0,0,2.6429,616,681960,402445,62801,84649,42.59,57.41,0,1,0,0.366385468821827
"11",2012,"California",21,6.0714286,0,1,0,2.0714,621,1485770,350034,67164,49119,57.76,42.24,0,0,1,0.332204871526766
"12",2012,"California",24,3.5,0,0,1,0.5,624,3233980,505763,127746,156749,44.9,55.1,0,1,0,0.562506549510344
"13",2012,"California",26,3.6428571,0,0,1,0.3571,626,296350,468926,124863,139072,47.31,52.69,0,0,1,0.562850001919279
"14",2012,"California",36,4.3571429,0,0,1,0.3571,636,2996850,488389,97953,110189,47.06,52.94,1,0,0,0.426180769837158
"15",2012,"California",41,3.0714286,0,0,1,0.9286,NA,NA,456205,72074,103578,41.03,58.97,0,0,1,0.385028660361022
"16",2012,"California",47,1.8928571,1,0,0,2.1071,NA,NA,475459,99919,130093,43.44,56.56,0,0,1,0.483768316510993
"17",2012,"California",52,3.8571429,0,0,1,0.1429,652,11777350,547077,144459,151451,48.82,51.18,1,0,0,0.540892781089316
"18",2012,"Colorado",3,5.25,0,1,0,1.25,803,3134970,551793,185291,142920,56.45,43.55,1,0,0,0.594808198001787
"19",2012,"Colorado",6,4.3571429,0,0,1,0.3571,806,8893360,538733,163938,156937,51.09,48.91,1,0,0,0.595610441535974
"20",2012,"Colorado",7,2.0714286,1,0,0,1.9286,807,7088060,555150,139066,182460,43.25,56.75,0,1,0,0.579169593803477
"21",2012,"Connecticut",4,1.1428571,1,0,0,2.8571,NA,NA,484035,117503,175929,40.04,59.96,0,1,0,0.606220624541614
"22",2012,"Connecticut",5,3.5714286,0,0,1,0.4286,905,8443280,515878,138637,146098,48.69,51.31,0,0,1,0.551942513540023
"23",2012,"Florida",2,5.3928571,0,1,0,1.3929,1202,3342060,559346,175856,157634,52.73,47.27,1,0,0,0.59621415009672
"24",2012,"Florida",9,1.6428571,1,0,0,2.3571,1209,1155880,575460,98856,164891,37.48,62.52,0,0,1,0.458323775761999
"25",2012,"Florida",10,5,0,1,0,1,1210,4583610,527540,164649,153574,51.74,48.26,1,0,0,0.603220608863783
"26",2012,"Florida",13,6.5714286,0,1,0,2.5714,1213,296600,567936,189605,139742,57.57,42.43,1,0,0,0.579901608631958
"27",2012,"Florida",16,5.9642857,0,1,0,1.9643,1216,1314970,597649,187147,161929,53.61,46.39,1,0,0,0.58408196115111
"28",2012,"Florida",18,4.2857143,0,0,1,0.2857,1218,10422740,570702,164353,166257,49.71,50.29,1,0,0,0.579304085144261
"29",2012,"Florida",22,2.6071429,1,0,0,1.3929,1222,2432820,526187,142050,171021,45.37,54.63,0,0,1,0.594980491726325
"30",2012,"Florida",26,2.9285714,1,0,0,1.0714,1226,157820,467186,108820,135694,44.5,55.5,1,0,0,0.523376128565496
"31",2012,"Georgia",12,3.8571429,0,0,1,0.1429,1312,10985660,531858,119973,139148,46.3,53.7,0,1,0,0.487199590868239
"32",2012,"Illinois",8,2.3214286,1,0,0,1.6786,1708,12827090,448181,101860,123206,45.26,54.74,1,0,0,0.502176575981579
"33",2012,"Illinois",10,3.9285714,0,0,1,0.0714,1710,15097850,462773,130564,133890,49.37,50.63,1,0,0,0.571455119464619
"34",2012,"Illinois",11,3.3571429,0,0,1,0.6429,1711,13699150,467647,105348,148928,41.43,58.57,1,0,0,0.543734911161624
"35",2012,"Illinois",12,3.8571429,0,0,1,0.1429,1712,6496540,533604,129902,157000,45.28,54.72,0,0,1,0.537668383295478
"36",2012,"Illinois",13,4.0714286,0,0,1,0.0714,1713,5456500,540956,137034,136032,50.18,49.82,0,0,1,0.504784122923121
"37",2012,"Illinois",17,3.5,0,0,1,0.5,1717,7031000,514978,134623,153519,46.72,53.28,1,0,0,0.559522931076667
"38",2012,"Indiana",2,5.2857143,0,1,0,1.2857,1802,2562190,521068,134033,130113,50.74,49.26,0,0,1,0.506931916755587
"39",2012,"Indiana",8,5.6785714,0,1,0,1.6786,1808,2052370,549703,151533,122325,55.33,44.67,1,0,0,0.498192660400253
"40",2012,"Iowa",1,1.5714286,1,0,0,2.4286,1901,1824040,579428,162465,222422,42.21,57.79,0,1,0,0.664253367113774
"41",2012,"Iowa",2,1.9642857,1,0,0,2.0357,1902,1998460,580155,161977,211863,43.33,56.67,0,1,0,0.644379519266403
"42",2012,"Iowa",3,4.2857143,0,0,1,0.2857,1903,5164430,589474,202000,168632,54.5,45.5,1,0,0,0.628750377455155
"43",2012,"Iowa",4,4.7857143,0,0,1,0.7857,1904,3273760,563609,200063,169470,54.14,45.86,1,0,0,0.655654895503798
"44",2012,"Kentucky",6,3.9285714,0,0,1,0.0714,2106,6397660,569798,153222,141438,52,48,0,1,0,0.517130632259151
"45",2012,"Maine",2,1.4285714,1,0,0,2.5714,2302,996820,520828,137542,191456,41.81,58.19,0,1,0,0.631682628430115
"46",2012,"Maryland",6,2.1785714,1,0,0,1.8214,2406,247090,521983,117313,181921,39.2,60.8,1,0,0,0.573263880241311
"47",2012,"Massachusetts",6,4.9285714,0,0,1,0.9286,2506,5919060,567997,176612,180942,49.39,50.61,0,1,0,0.629499803696146
"48",2012,"Michigan",1,3.8571429,0,0,1,0.1429,NA,NA,562349,167060,165179,50.28,49.72,1,0,0,0.590805709621605
"49",2012,"Michigan",3,6.0714286,0,1,0,2.0714,2603,1731220,538607,171675,144108,54.36,45.64,1,0,0,0.58629575924561
"50",2012,"Michigan",6,6.8571429,0,1,0,2.8571,2606,2331940,536350,174955,136563,56.16,43.84,1,0,0,0.580811037568752
"51",2012,"Michigan",7,6.7857143,0,1,0,2.7857,2607,91640,542743,169668,136849,55.35,44.65,1,0,0,0.56475532618569
"52",2012,"Michigan",11,5.2857143,0,1,0,1.2857,2611,700130,527362,181788,158879,53.36,46.64,0,0,1,0.645983214566086
"53",2012,"Minnesota",2,6.3571429,0,1,0,2.3571,2702,1023920,499925,193587,164338,54.09,45.91,1,0,0,0.715957393609041
"54",2012,"Minnesota",6,5.5,0,1,0,1.5,2706,4745810,510172,179240,174944,50.61,49.39,1,0,0,0.694244294081212
"55",2012,"Minnesota",7,1.1428571,1,0,0,2.8571,2707,165790,496634,114151,197791,36.59,63.41,0,1,0,0.628112453033824
"56",2012,"Minnesota",8,3.8571429,0,0,1,0.1429,2708,8985590,519505,160520,191976,45.54,54.46,1,0,0,0.67852282461189
"57",2012,"Montana",0,6.2857143,0,1,0,2.2857,3001,874480,804263,255468,204939,55.49,44.51,0,0,1,0.572458263030874
"58",2012,"Nebraska",2,6.4285714,0,1,0,2.4286,3102,844920,454282,133964,129767,50.8,49.2,1,0,0,0.580544683698672
"59",2012,"Nevada",3,5,0,1,0,1,3203,7709710,563428,137244,116823,54.02,45.98,1,0,0,0.45093073116707
"60",2012,"Nevada",4,3.6428571,0,0,1,0.3571,3204,6928950,493015,101261,120501,45.66,54.34,0,0,1,0.449807815178037
"61",2012,"New Hampshire",1,4.3571429,0,0,1,0.3571,3301,2753980,NA,158659,171650,48.03,51.97,1,0,0,NA
"62",2012,"New Hampshire",2,3.4285714,0,0,1,0.5714,3302,3540740,NA,152977,169275,47.47,52.53,1,0,0,NA
"63",2012,"New Jersey",3,5.8214286,0,1,0,1.8214,3403,2243050,NA,174257,145509,54.5,45.5,1,0,0,NA
"64",2012,"New Jersey",5,6.8571429,0,1,0,2.8571,NA,NA,NA,167503,130102,56.28,43.72,1,0,0,NA
"65",2012,"New Jersey",7,6.8571429,0,1,0,2.8571,NA,NA,NA,175704,123090,58.8,41.2,1,0,0,NA
"66",2012,"New Jersey",9,1.1428571,1,0,0,2.8571,3409,736600,NA,55094,162834,25.28,74.72,0,1,0,NA
"67",2012,"New Mexico",1,1.3571429,1,0,0,2.6429,3501,1271210,NA,112473,162924,40.84,59.16,0,0,1,NA
"68",2012,"New York",1,3.5714286,0,0,1,0.4286,3601,447540,NA,132304,146179,47.51,52.49,0,1,0,NA
"69",2012,"New York",11,5.6428571,0,1,0,1.6429,NA,NA,NA,103118,92430,52.73,47.27,1,0,0,NA
"70",2012,"New York",18,4.5,0,0,1,0.5,3618,703680,NA,133049,143845,48.05,51.95,1,0,0,NA
"71",2012,"New York",19,4.5,0,0,1,0.5,3619,3054680,NA,150245,134295,52.8,47.2,1,0,0,NA
"72",2012,"New York",21,3.3571429,0,0,1,0.6429,3621,5637560,NA,121646,126631,49,51,0,1,0,NA
"73",2012,"New York",22,6.6428571,0,1,0,2.6429,3622,269200,NA,157941,102080,60.74,39.26,1,0,0,NA
"74",2012,"New York",23,6.7857143,0,1,0,2.7857,3623,510820,NA,137669,127535,51.91,48.09,1,0,0,NA
"75",2012,"New York",24,3.5714286,0,0,1,0.4286,3624,4060220,NA,127054,143044,47.04,52.96,1,0,0,NA
"76",2012,"New York",25,2.3214286,1,0,0,1.6786,3625,4191170,NA,133389,179810,42.59,57.41,0,1,0,NA
"77",2012,"New York",27,4.2857143,0,0,1,0.2857,3627,5968730,NA,161220,156219,50.79,49.21,0,1,0,NA
"78",2012,"North Carolina",7,3.9285714,0,0,1,0.0714,3707,5822710,NA,168041,168695,49.9,50.1,0,1,0,NA
"79",2012,"North Carolina",8,5.75,0,1,0,1.75,3708,3673880,NA,160695,137139,53.95,46.05,0,1,0,NA
"80",2012,"North Carolina",11,6.1071429,0,1,0,2.1071,3711,327590,NA,190319,141107,57.42,42.58,0,0,1,NA
"81",2012,"North Carolina",13,6.5,0,1,0,2.5,3713,607990,NA,210495,160115,56.8,43.2,0,0,1,NA
"82",2012,"North Dakota",0,6.2857143,0,1,0,2.2857,3801,747740,NA,173433,131869,56.81,43.19,0,0,1,NA
"83",2012,"Ohio",6,4.6428571,0,0,1,0.6429,3906,3361860,550236,164536,144444,53.25,46.75,1,0,0,0.561540866101091
"84",2012,"Ohio",7,6.3571429,0,1,0,2.3571,3907,599770,551430,178104,137708,56.4,43.6,1,0,0,0.572714578459641
"85",2012,"Ohio",9,1.1428571,1,0,0,2.8571,3909,744750,538404,68666,217775,23.97,76.03,0,1,0,0.532018707141849
"86",2012,"Ohio",16,4.1428571,0,0,1,0.1429,3916,9479350,556785,185167,170604,52.05,47.95,1,0,0,0.63897375108884
"87",2012,"Oklahoma",2,6,0,1,0,2,4002,2568280,562498,143701,96081,59.93,40.07,0,0,1,0.426280626775562
"88",2012,"Oregon",5,1.3571429,1,0,0,2.6429,4105,404440,586219,139223,177229,43.99,56.01,0,1,0,0.539818736683731
"89",2012,"Pennsylvania",6,6.2142857,0,1,0,2.2143,4206,468560,516389,191725,143803,57.14,42.86,1,0,0,0.649758224904094
"90",2012,"Pennsylvania",7,6.6428571,0,1,0,2.6429,NA,NA,541680,209942,143509,59.4,40.6,1,0,0,0.652508861320337
"91",2012,"Pennsylvania",8,5.8214286,0,1,0,1.8214,4208,1602750,537910,199379,152859,56.6,43.4,1,0,0,0.654827015671767
"92",2012,"Pennsylvania",11,6.8571429,0,1,0,2.8571,4211,558990,545860,166967,118231,58.54,41.46,1,0,0,0.522474627193786
"93",2012,"Pennsylvania",12,3.8571429,0,0,1,0.1429,4212,14110330,551580,175352,163589,51.74,48.26,0,1,0,0.614491098299431
"94",2012,"Pennsylvania",15,6.8571429,0,1,0,2.8571,4215,99770,549483,168960,128764,56.75,43.25,1,0,0,0.541825679775352
"95",2012,"Pennsylvania",18,6.8571429,0,1,0,2.8571,4218,1861950,553521,216727,122146,63.96,36.04,1,0,0,0.612213448089594
"96",2012,"Rhode Island",1,3.5,0,0,1,0.5,4401,2490500,NA,83737,108612,43.53,56.47,0,1,0,NA
"97",2012,"South Dakota",0,6.7142857,0,1,0,2.7143,4601,1369210,NA,207640,153789,57.45,42.55,1,0,0,NA
"98",2012,"Tennessee",4,5.1428571,0,1,0,1.1429,4704,2034410,567085,128568,102022,55.76,44.24,1,0,0,0.406623345706552
"99",2012,"Texas",10,6.8571429,0,1,0,2.8571,NA,NA,548535,159783,95710,62.54,37.46,1,0,0,0.465773378180061
"100",2012,"Texas",14,5.5,0,1,0,1.5,4814,30770,519429,131460,109697,54.51,45.49,0,0,1,0.464273269301483
"101",2012,"Texas",23,4.0714286,0,0,1,0.0714,4823,10665280,474242,87547,96676,47.52,52.48,1,0,0,0.388457791591635
"102",2012,"Texas",34,1.1428571,1,0,0,2.8571,4834,256130,417848,52448,89606,36.92,63.08,0,0,1,0.339965729164672
"103",2012,"Utah",4,4.4285714,0,0,1,0.4286,4904,7255120,495024,119035,119803,49.84,50.16,0,1,0,0.482477617246841
"104",2012,"Virginia",2,5.8214286,0,1,0,1.8214,5102,2276870,554237,166231,142548,53.83,46.17,1,0,0,0.557124479239026
"105",2012,"Virginia",5,6.8571429,0,1,0,2.8571,5105,940420,570230,193009,149214,56.4,43.6,1,0,0,0.600149062658927
"106",2012,"Washington",1,2.5714286,1,0,0,1.4286,5301,3764550,506579,151187,177025,46.06,53.94,0,1,0,0.647898945672837
"107",2012,"Washington",3,6.8571429,0,1,0,2.8571,5303,596940,523293,177446,116438,60.38,39.62,1,0,0,0.561605066377727
"108",2012,"Washington",10,1.3571429,1,0,0,2.6429,5310,1222410,530202,115381,163036,41.44,58.56,0,0,1,0.52511495618651
"109",2012,"West Virginia",3,1.9285714,1,0,0,2.0714,5403,1220130,NA,92238,108199,46.02,53.98,0,1,0,NA
"110",2012,"Wisconsin",7,5.1428571,0,1,0,1.1429,5507,2275340,547760,201720,157524,56.15,43.85,1,0,0,0.655841974587411
"111",2012,"Wisconsin",8,6.2142857,0,1,0,2.2143,5508,1306500,546843,198874,156287,56,44,1,0,0,0.649475260723828
"112",2014,"Alaska",0,6.4,0,1,0,2.4,201,141000,530385,142572,114602,55.44,44.56,1,0,0,0.484881736851532
"113",2014,"Arizona",1,4.2,0,0,1,0.2,401,15750695.7,549353,87723,97391,47.39,52.61,0,1,0,0.336967305175361
"114",2014,"Arizona",2,3.8,0,0,1,0.2,402,10647365.2,539385,109704,109543,50.04,49.96,0,1,0,0.406475893842061
"115",2014,"Arizona",9,2.35,1,0,0,1.65,409,4276881.3,544288,67841,88609,43.36,56.64,0,1,0,0.287439737785878
"116",2014,"Arkansas",2,4.2,0,0,1,0.2,502,2332940,563787,123073,103477,54.32,45.68,0,0,1,0.40183615443421
"117",2014,"Arkansas",4,5.25,0,1,0,1.25,504,1711100,535460,110789,87742,55.8,44.2,0,0,1,0.370767190826579
"118",2014,"California",3,1.6,1,0,0,2.4,603,101180,497300,71036,79224,47.28,52.72,0,1,0,0.302151618741202
"119",2014,"California",7,4.2,0,0,1,0.2,607,7206780,526910,91066,92521,49.6,50.4,0,1,0,0.348421931639179
"120",2014,"California",9,1.2,1,0,0,2.8,609,59660,472835,57729,63475,47.63,52.37,0,1,0,0.256334662197172
"121",2014,"California",21,5.45,0,1,0,1.45,621,2616070,350034,45907,33470,57.83,42.17,1,0,0,0.226769399544044
"122",2014,"California",24,1.95,1,0,0,2.05,624,325520,505763,95566,103228,48.07,51.93,0,1,0,0.393057617896129
"123",2014,"California",26,3.5,0,0,1,0.5,626,3102370,468926,82653,87176,48.67,51.33,0,1,0,0.362165885448877
"124",2014,"California",31,2.9,1,0,0,1.1,NA,NA,471085,48162,51622,48.27,51.73,0,0,1,0.211817400256854
"125",2014,"California",36,2.6,1,0,0,1.4,636,2278580,488389,61457,72682,45.82,54.18,0,1,0,0.274656063097244
"126",2014,"California",52,3.8,0,0,1,0.2,652,13563380,547077,92746,98826,48.41,51.59,0,1,0,0.350173741539125
"127",2014,"Colorado",6,4.4,0,0,1,0.4,806,10461160,538733,143467,118847,54.69,45.31,1,0,0,0.486909099683888
"128",2014,"Connecticut",5,1.8,1,0,0,2.2,905,3603740,515878,97767,113564,46.26,53.74,0,1,0,0.409653057505844
"129",2014,"Florida",2,3.8,0,0,1,0.2,1202,7295690.9,559346,123262,126096,49.43,50.57,1,0,0,0.445802776814351
"130",2014,"Florida",18,2.2,1,0,0,1.8,1218,4132655,570702,101896,151478,40.22,59.78,0,1,0,0.443969006591882
"131",2014,"Florida",26,4.2,0,0,1,0.2,1226,7285270,467186,83031,78306,51.46,48.54,0,1,0,0.34533783118501
"132",2014,"Georgia",12,3.5,0,0,1,0.5,1312,11325870,531858,91336,75478,54.75,45.25,0,1,0,0.313643867348052
"133",2014,"Hawaii",1,3.1,0,0,1,0.9,1501,2877790,507266,86454,93390,48.07,51.93,0,0,1,0.354535884526067
"134",2014,"Illinois",8,1.2,1,0,0,2.8,1708,116100,448181,66878,84178,44.27,55.73,0,1,0,0.337042400280244
"135",2014,"Illinois",10,4.2,0,0,1,0.2,1710,14711950,462773,95992,91136,51.3,48.7,0,1,0,0.404362397979139
"136",2014,"Illinois",11,2,1,0,0,2,1711,179400,467647,81335,93436,46.54,53.46,0,1,0,0.373724197952729
"137",2014,"Illinois",12,4.2,0,0,1,0.2,1712,9653240,533604,110038,87860,55.6,44.4,0,1,0,0.370870533204399
"138",2014,"Illinois",13,6,0,1,0,2,1713,1531936.7,540956,123337,86935,58.66,41.34,1,0,0,0.388704441766059
"139",2014,"Illinois",17,2.55,1,0,0,1.45,1717,2630000,514978,88785,110560,44.54,55.46,0,1,0,0.38709420596608
"140",2014,"Indiana",2,6.6,0,1,0,2.6,1802,763770,521068,85583,55590,60.62,39.38,1,0,0,0.270930089738767
"141",2014,"Iowa",1,3.8,0,0,1,0.2,1901,898060,579428,147762,141145,51.15,48.85,0,0,1,0.498607247147187
"142",2014,"Iowa",2,2.9,1,0,0,1.1,1902,2697560,580155,129455,143431,47.44,52.56,0,1,0,0.470367401815032
"143",2014,"Iowa",3,4.2,0,0,1,0.2,1903,5166300,589474,148814,119109,55.54,44.46,0,0,1,0.454511988654292
"144",2014,"Iowa",4,6.6,0,1,0,2.6,1904,1507837.4,563609,169834,105504,61.68,38.32,1,0,0,0.488526620405281
"145",2014,"Kansas",2,6.2,0,1,0,2.2,2002,515960,537829,128742,87153,59.63,40.37,1,0,0,0.401419410258651
"146",2014,"Kansas",3,6.4,0,1,0,2.4,2003,909550,523041,134493,89584,60.02,39.98,1,0,0,0.428411921818748
"147",2014,"Maine",2,3.1,0,0,1,0.9,2302,2222290,520828,133308,118556,52.93,47.07,0,0,1,0.483583831898439
"148",2014,"Maryland",6,1.6,1,0,0,2.4,2406,457030,521983,91930,94704,49.26,50.74,0,1,0,0.35754804275235
"149",2014,"Massachusetts",6,3.4,0,0,1,0.6,2506,2875920,567997,111989,149638,42.8,57.2,0,0,1,0.460613348309938
"150",2014,"Massachusetts",9,2.15,1,0,0,1.85,2509,160310,570585,114971,140413,45.02,54.98,0,1,0,0.447582744025868
"151",2014,"Michigan",1,5.65,0,1,0,1.65,NA,NA,562349,130414,113263,53.52,46.48,1,0,0,0.433319877869437
"152",2014,"Michigan",4,6.8,0,1,0,2.8,2604,376740,549247,123962,85777,59.1,40.9,0,0,1,0.381866446243675
"153",2014,"Michigan",6,6.6,0,1,0,2.6,2606,2123140,536350,116801,84391,58.05,41.95,1,0,0,0.375113265591498
"154",2014,"Michigan",7,6.4,0,1,0,2.4,2607,959840,542743,119564,92083,56.49,43.51,1,0,0,0.38995804644187
"155",2014,"Michigan",8,6.4,0,1,0,2.4,2608,159280,547280,132739,102269,56.48,43.52,0,0,1,0.429410904838474
"156",2014,"Michigan",11,6.6,0,1,0,2.6,2611,1504020,527362,140435,101681,58,42,0,0,1,0.459107785543896
"157",2014,"Minnesota",1,1.2,1,0,0,2.8,NA,NA,494576,103536,122851,45.73,54.27,0,1,0,0.457739558733137
"158",2014,"Minnesota",7,3.1,0,0,1,0.9,2707,3756910,496634,109955,130546,45.72,54.28,0,1,0,0.484262052134973
"159",2014,"Minnesota",8,4.2,0,0,1,0.2,2708,9712810,519505,125358,129090,49.27,50.73,0,1,0,0.489789318678357
"160",2014,"Montana",0,6.4,0,1,0,2.4,3001,7059080,804263,203871,148690,57.83,42.17,0,0,1,0.438365310849809
"161",2014,"Nebraska",2,3.8,0,0,1,0.2,3102,3205729.8,454282,78157,83872,48.24,51.76,1,0,0,0.356670526237007
"162",2014,"Nevada",3,6.6,0,1,0,2.6,3203,2987440.4,563428,88528,52644,62.71,37.29,1,0,0,0.250559077646123
"163",2014,"Nevada",4,2.95,1,0,0,1.05,3204,3271400,493015,63466,59844,51.47,48.53,0,1,0,0.250114093891667
"164",2014,"New Hampshire",1,4.2,0,0,1,0.2,3301,6031325.1,NA,125508,116769,51.8,48.2,0,1,0,NA
"165",2014,"New Hampshire",2,3.1,0,0,1,0.9,3302,3932261.2,NA,106871,130700,44.98,55.02,0,1,0,NA
"166",2014,"New Jersey",3,5.1,0,1,0,1.1,3403,2157650,NA,100471,82537,54.9,45.1,0,0,1,NA
"167",2014,"New Jersey",5,6.6,0,1,0,2.6,3405,137210,NA,104678,81808,56.13,43.87,1,0,0,NA
"168",2014,"New York",1,4.2,0,0,1,0.2,3601,892730,NA,94035,78722,54.43,45.57,0,1,0,NA
"169",2014,"New York",4,1.6,1,0,0,2.4,3604,344560,NA,80127,89793,47.16,52.84,0,0,1,NA
"170",2014,"New York",11,4.6,0,0,1,0.6,3611,2484390,NA,58886,45244,56.55,43.45,1,0,0,NA
"171",2014,"New York",18,3.4,0,0,1,0.6,3618,2945770,NA,85660,88993,49.05,50.95,0,1,0,NA
"172",2014,"New York",19,6.2,0,1,0,2.2,3619,2963050,NA,131594,72470,64.49,35.51,1,0,0,NA
"173",2014,"New York",21,6,0,1,0,2,3621,1920520,NA,96226,59063,61.97,38.03,0,0,1,NA
"174",2014,"New York",23,6.4,0,1,0,2.4,3623,1887380,NA,113130,70242,61.69,38.31,1,0,0,NA
"175",2014,"New York",24,3.8,0,0,1,0.2,3624,4232930,NA,118474,80304,59.6,40.4,0,1,0,NA
"176",2014,"North Carolina",7,6.8,0,1,0,2.8,NA,NA,NA,134431,84054,61.53,38.47,0,0,1,NA
"177",2014,"North Dakota",0,6.4,0,1,0,2.4,3801,539194.6,NA,138100,95678,59.07,40.93,1,0,0,NA
"178",2014,"Ohio",6,6.8,0,1,0,2.8,3906,468150,550236,111026,73561,60.15,39.85,1,0,0,0.335468780668659
"179",2014,"Ohio",14,6.8,0,1,0,2.8,3914,338840,550315,135736,70856,65.7,34.3,1,0,0,0.375406812461954
"180",2014,"Pennsylvania",6,6.45,0,1,0,2.45,4206,989280,516389,119643,92901,56.29,43.71,0,0,1,0.41159668389528
"181",2014,"Texas",23,2.9,1,0,0,1.1,4823,10657173.2,474242,57459,55037,51.08,48.92,0,1,0,0.237212224982182
"182",2014,"Utah",4,6.4,0,1,0,2.4,4904,749860,495024,74936,67425,52.64,47.36,0,0,1,0.287584036329552
"183",2014,"Virginia",10,4.9,0,0,1,0.9,5110,5317310,538859,125914,89957,58.33,41.67,0,0,1,0.400607580090525
"184",2014,"Washington",1,1.4,1,0,0,2.6,5301,1124900,506579,101428,124151,44.96,55.04,0,1,0,0.445298758929999
"185",2014,"West Virginia",2,4.4,0,0,1,0.4,5402,1256470,NA,72619,67687,51.76,48.24,0,0,1,NA
"186",2014,"West Virginia",3,4.2,0,0,1,0.2,5403,4972694.7,NA,77713,62688,55.35,44.65,0,1,0,NA
"187",2014,"Wisconsin",6,6.4,0,1,0,2.4,5506,215500,548845,169767,122212,58.14,41.86,0,0,1,0.531988084067451
"188",2014,"Wisconsin",7,6.8,0,1,0,2.8,NA,NA,547760,169891,112949,60.07,39.93,1,0,0,0.51635752884475
"189",2016,"Alaska",0,5.8,0,1,0,1.8,201,668330,530385,155088,111019,58.28,41.72,1,0,0,0.501724219199261
"190",2016,"Arizona",1,3.1,0,0,1,0.9,401,3607340,549353,121745,142219,46.12,53.88,0,0,1,0.480499787932349
"191",2016,"Arizona",2,6,0,1,0,2,402,2461500,539385,179806,135873,56.96,43.04,1,0,0,0.585257283758354
"192",2016,"California",7,2.9,1,0,0,1.1,607,4549410,526910,145168,152133,48.83,51.17,0,1,0,0.56423487882181
"193",2016,"California",10,4.3,0,0,1,0.3,610,4966340,467771,124671,116470,51.7,48.3,1,0,0,0.515510794811991
"194",2016,"California",21,5.45,0,1,0,1.45,621,3084210,350034,75126,57282,56.74,43.26,1,0,0,0.378271825022712
"195",2016,"California",24,2.75,1,0,0,1.25,624,1757250,505763,144780,166034,46.58,53.42,0,0,1,0.614544757129327
"196",2016,"California",25,4.25,0,0,1,0.25,625,1710640,476031,138755,122406,53.13,46.87,1,0,0,0.548621833452023
"197",2016,"California",49,3.95,0,0,1,0.05,649,4983280,514955,155888,154267,50.26,49.74,1,0,0,0.602295346195299
"198",2016,"California",52,1.2,1,0,0,2.8,652,1891240,547077,139403,181253,43.47,56.53,0,1,0,0.586125901838315
"199",2016,"Colorado",3,6,0,1,0,2,803,3334550,551793,204220,150914,57.51,42.49,1,0,0,0.6436000456693
"200",2016,"Colorado",6,4.35,0,0,1,0.35,806,8732220,538733,191626,160372,54.44,45.56,1,0,0,0.653381173976719
"201",2016,"Florida",2,6.6,0,1,0,2.6,NA,NA,559346,231163,102801,69.22,30.78,0,0,1,0.597061568331587
"202",2016,"Florida",7,3.65,0,0,1,0.35,1207,3393370,567729,171583,182039,48.52,51.48,1,0,0,0.622871123370481
"203",2016,"Florida",10,1.4,1,0,0,2.6,NA,NA,527540,107498,198491,35.13,64.87,0,0,1,0.58002995033552
"204",2016,"Florida",13,2.9,1,0,0,1.1,1213,2390520,567936,171149,184693,48.1,51.9,1,0,0,0.62655299188641
"205",2016,"Florida",18,4.4,0,0,1,0.4,1218,5842260,570702,201488,161918,55.44,44.56,0,0,1,0.636770153249857
"206",2016,"Florida",26,4.2,0,0,1,0.2,1226,8493980,467186,148547,115493,56.26,43.74,1,0,0,0.565171045365229
"207",2016,"Florida",27,6.6,0,1,0,2.6,1227,741080,449720,157917,129760,54.89,45.11,1,0,0,0.63968024548608
"208",2016,"Illinois",10,3.8,0,0,1,0.2,1710,14959030,462773,135535,150435,47.39,52.61,1,0,0,0.617948756733863
"209",2016,"Illinois",12,6.2,0,1,0,2.2,1712,1106430,533604,169976,124246,57.77,42.23,1,0,0,0.551386421391144
"210",2016,"Indiana",2,6.2,0,1,0,2.2,1802,1067760,521068,164355,102401,61.61,38.39,1,0,0,0.511940859926152
"211",2016,"Indiana",9,5.45,0,1,0,1.45,1809,4262710,567923,174791,130627,57.23,42.77,0,0,1,0.537780649841616
"212",2016,"Iowa",1,4.2,0,0,1,0.2,1901,3466350,579428,206903,177403,53.84,46.16,1,0,0,0.663250654093347
"213",2016,"Iowa",3,4.95,0,0,1,0.95,1903,3938530,589474,208598,155002,57.37,42.63,1,0,0,0.616821098131555
"214",2016,"Kansas",3,5.1,0,1,0,1.1,2003,2425610,523041,176022,139300,55.82,44.18,1,0,0,0.602862873082607
"215",2016,"Maine",2,3.8,0,0,1,0.2,2302,8247540,520828,192878,159081,54.8,45.2,1,0,0,0.675768199866367
"216",2016,"Maryland",6,1.4,1,0,0,2.6,2406,1607910,521983,133081,185770,41.74,58.26,0,1,0,0.61084556393599
"217",2016,"Michigan",1,4.55,0,0,1,0.55,2601,69350,562349,197777,144334,57.81,42.19,0,0,1,0.608360644368533
"218",2016,"Michigan",6,6.8,0,1,0,2.8,2606,1666100,536350,193259,119980,61.7,38.3,1,0,0,0.584019763214319
"219",2016,"Michigan",7,5.45,0,1,0,1.45,2607,2700270,542743,184321,134010,57.9,42.1,1,0,0,0.586522534606619
"220",2016,"Michigan",8,6,0,1,0,2,2608,2344300,547280,205629,143791,58.85,41.15,1,0,0,0.638466598450519
"221",2016,"Minnesota",2,3.45,0,0,1,0.55,2702,6703430,499925,173970,167315,50.97,49.03,0,0,1,0.682672400860129
"222",2016,"Minnesota",3,5.25,0,1,0,1.25,2703,7383740,506587,223077,169243,56.86,43.14,1,0,0,0.774437559589962
"223",2016,"Minnesota",8,3.5,0,0,1,0.5,2708,13910140,519505,177089,179098,49.72,50.28,0,1,0,0.685627664796296
"224",2016,"Montana",0,6.05,0,1,0,2.05,3001,2353660,804263,285358,205919,58.08,41.92,1,0,0,0.610841229796721
"225",2016,"Nebraska",2,3.65,0,0,1,0.35,3102,4811040,454282,141066,137602,50.62,49.38,0,1,0,0.613425141211846
"226",2016,"Nevada",3,3.6,0,0,1,0.4,3203,7418360,563428,142926,146869,49.32,50.68,0,0,1,0.514342560185152
"227",2016,"Nevada",4,3.05,0,0,1,0.95,3204,5294730,493015,118328,128985,47.85,52.15,1,0,0,0.501633824528665
"228",2016,"New Hampshire",1,3.05,0,0,1,0.95,3301,856110,NA,157176,162080,49.23,50.77,1,0,0,NA
"229",2016,"New Jersey",5,3.65,0,0,1,0.35,3405,4741910,NA,157690,172587,47.74,52.26,1,0,0,NA
"230",2016,"New York",1,5.3,0,1,0,1.3,3601,334750,NA,188499,135278,58.22,41.78,1,0,0,NA
"231",2016,"New York",3,2.5,1,0,0,1.5,3603,125250,NA,152304,171775,47,53,0,0,1,NA
"232",2016,"New York",19,4.2,0,0,1,0.2,3619,5600170,NA,166171,141224,54.06,45.94,0,0,1,NA
"233",2016,"New York",21,6.2,0,1,0,2.2,3621,1077930,NA,177886,82161,68.41,31.59,1,0,0,NA
"234",2016,"New York",22,4.4,0,0,1,0.4,3622,3798960,NA,129444,114266,53.11,46.89,0,0,1,NA
"235",2016,"New York",23,6,0,1,0,2,3623,1573250,NA,161050,118584,57.59,42.41,1,0,0,NA
"236",2016,"New York",24,5.25,0,1,0,1.25,3624,3050150,NA,182761,119040,60.56,39.44,1,0,0,NA
"237",2016,"New York",25,1.4,1,0,0,2.6,3625,546920,NA,142650,182950,43.81,56.19,0,1,0,NA
"238",2016,"Pennsylvania",6,6.6,0,1,0,2.6,NA,NA,516389,207469,155000,57.24,42.76,1,0,0,0.701930134065598
"239",2016,"Pennsylvania",8,4.2,0,0,1,0.2,4208,9034800,537910,207263,173555,54.43,45.57,0,0,1,0.707958580431671
"240",2016,"Pennsylvania",16,5.8,0,1,0,1.8,4216,947420,540100,168669,134586,55.62,44.38,0,0,1,0.561479355674875
"241",2016,"Texas",23,3.8,0,0,1,0.2,4823,10700140,474242,110577,107526,50.7,49.3,1,0,0,0.459898111090962
"242",2016,"Utah",4,5.25,0,1,0,1.25,4904,3073740,495024,147597,113413,56.55,43.45,1,0,0,0.527267364814635
"243",2016,"Virginia",4,1.4,1,0,0,2.6,NA,NA,584924,145731,200136,42.13,57.87,0,0,1,0.591302459806744
"244",2016,"Virginia",5,5.85,0,1,0,1.85,5105,1448110,570230,207758,148339,58.34,41.66,0,0,1,0.62447959595251
"245",2016,"Virginia",10,4.35,0,0,1,0.35,5110,16544690,538859,210791,187712,52.9,47.1,1,0,0,0.739531120385852
"246",2016,"Wisconsin",8,5.45,0,1,0,1.45,5508,2449110,546843,227892,135682,62.68,37.32,0,0,1,0.664859932375472
"247",2018,"Alaska",0,5.0416667,0,1,0,1.0417,201,544840,530385,149779,131199,53.31,46.69,1,0,0,0.529762342449353
"248",2018,"Arizona",1,2.5833333,1,0,0,1.4167,401,2594290,549353,122784,143240,46.16,53.84,0,1,0,0.484249653683515
"249",2018,"Arizona",2,2.25,1,0,0,1.75,402,3051920,539385,133083,161000,45.25,54.75,0,0,1,0.545219092114167
"250",2018,"Arizona",6,6.3333333,0,1,0,2.3333,NA,NA,565541,173140,140559,55.19,44.81,1,0,0,0.554688342666579
"251",2018,"Arizona",8,6.2083333,0,1,0,2.2083,408,804080,576753,168835,135569,55.46,44.54,1,0,0,0.527789192253876
"252",2018,"Arizona",9,1.1666667,1,0,0,2.8333,409,1225160,544288,101662,159583,38.91,61.09,0,0,1,0.479975674642836
"253",2018,"Arkansas",2,5.875,0,1,0,1.875,502,2835120,563787,132125,116135,53.22,46.78,1,0,0,0.440343604943002
"254",2018,"California",1,6.6666667,0,1,0,2.6667,601,89560,545539,160046,131548,54.89,45.11,1,0,0,0.534506240617078
"255",2018,"California",4,6.0416667,0,1,0,2.0417,604,934270,555490,184401,156253,54.13,45.87,1,0,0,0.613249563448487
"256",2018,"California",7,1.6666667,1,0,0,2.3333,607,391010,526910,126601,155016,44.96,55.04,0,1,0,0.534468884629254
"257",2018,"California",10,3.5,0,0,1,0.5,610,13744460,467771,105955,115945,47.75,52.25,1,0,0,0.474377419720333
"258",2018,"California",16,1.3333333,1,0,0,2.6667,616,567800,402445,60693,82266,42.45,57.55,0,1,0,0.355226179974903
"259",2018,"California",21,5.875,0,1,0,1.875,621,4353720,350034,56377,57239,49.62,50.38,1,0,0,0.324585611683436
"260",2018,"California",22,6.3333333,0,1,0,2.3333,622,2705000,470490,117243,105136,52.72,47.28,1,0,0,0.47265404153117
"261",2018,"California",24,1.3333333,1,0,0,2.6667,624,728980,505763,117881,166550,41.44,58.56,0,1,0,0.562380008027475
"262",2018,"California",25,4,0,0,1,0,625,12747380,476031,111813,133209,45.63,54.37,1,0,0,0.514718579252192
"263",2018,"California",39,4.1666667,0,0,1,0.1667,639,8003830,483902,118391,126002,48.44,51.56,0,0,1,0.50504647635265
"264",2018,"California",45,3.6666667,0,0,1,0.3333,645,3593000,517976,146383,158906,47.95,52.05,1,0,0,0.589388311427557
"265",2018,"California",48,3.7083333,0,0,1,0.2917,648,11858660,525036,136899,157837,46.45,53.55,1,0,0,0.561363411270846
"266",2018,"California",49,2.0833333,1,0,0,1.9167,649,2819230,514955,128577,166453,43.58,56.42,0,0,1,0.572923847714849
"267",2018,"California",50,5.25,0,1,0,1.25,650,1578910,500272,134362,125448,51.72,48.28,1,0,0,0.519337480410657
"268",2018,"Colorado",3,6,0,1,0,2,803,1112470,551793,173205,146426,54.19,45.81,1,0,0,0.579258888749948
"269",2018,"Colorado",6,2.875,1,0,0,1.125,806,13052140,538733,148685,187639,44.21,55.79,1,0,0,0.624286984461691
"270",2018,"Florida",6,5.25,0,1,0,1.25,1206,1852760,596696,187891,145758,56.31,43.69,0,0,1,0.559160778687975
"271",2018,"Florida",7,2.125,1,0,0,1.875,1207,1069620,567729,134285,183113,42.31,57.69,0,1,0,0.559066033265872
"272",2018,"Florida",13,1.1666667,1,0,0,2.8333,1213,13770,567936,134254,182717,42.36,57.64,0,1,0,0.558110420892495
"273",2018,"Florida",15,4.4583333,0,0,1,0.4583,1215,1614040,556293,151380,134132,53.02,46.98,0,0,1,0.51324032479287
"274",2018,"Florida",16,5.7083333,0,1,0,1.7083,1216,2916210,597649,197483,164463,54.56,45.44,1,0,0,0.605616340025667
"275",2018,"Florida",18,5.375,0,1,0,1.375,1218,4766280,570702,185905,156454,54.3,45.7,1,0,0,0.599891011421022
"276",2018,"Florida",25,5.8333333,0,1,0,1.8333,1225,1452940,434837,128672,84173,60.45,39.55,1,0,0,0.489482265768552
"277",2018,"Florida",26,4.1666667,0,0,1,0.1667,1226,14080920,467186,115678,119797,49.13,50.87,1,0,0,0.504028374137924
"278",2018,"Florida",27,2.9166667,1,0,0,1.0833,1227,2990620,449720,115588,130743,46.92,53.08,0,0,1,0.547743040113849
"279",2018,"Georgia",6,4.5833333,0,0,1,0.5833,1306,4248750,480080,156875,160139,49.49,50.51,1,0,0,0.660335777370438
"280",2018,"Georgia",7,5.25,0,1,0,1.25,1307,1734410,473990,140430,140011,50.07,49.93,1,0,0,0.591660161606785
"281",2018,"Illinois",6,3.5416667,0,0,1,0.4583,1706,9416330,518628,146445,169001,46.42,53.58,1,0,0,0.608231719074173
"282",2018,"Illinois",12,4.9583333,0,0,1,0.9583,1712,6112360,533604,134884,118724,53.19,46.81,1,0,0,0.475273798547237
"283",2018,"Illinois",13,5.0833333,0,1,0,1.0833,1713,4912400,540956,136516,134458,50.38,49.62,1,0,0,0.500916895274292
"284",2018,"Illinois",14,3.6666667,0,0,1,0.3333,1714,4324810,518415,141164,156035,47.5,52.5,1,0,0,0.573283952046141
"285",2018,"Indiana",2,6.2083333,0,1,0,2.2083,1802,2164340,521068,125499,103363,54.84,45.16,1,0,0,0.439217146322553
"286",2018,"Indiana",9,6.5,0,1,0,2.5,1809,1634780,567923,153271,118090,56.48,43.52,1,0,0,0.477813013383857
"287",2018,"Iowa",1,2.5833333,1,0,0,1.4167,1901,3761990,579428,153442,170342,47.39,52.61,1,0,0,0.558799367652236
"288",2018,"Iowa",2,1.1666667,1,0,0,2.8333,1902,723300,580155,133287,171446,43.74,56.26,0,1,0,0.525261352569572
"289",2018,"Iowa",3,3.6666667,0,0,1,0.3333,1903,8014770,589474,167933,175642,48.88,51.12,1,0,0,0.582850134187428
"290",2018,"Iowa",4,5.5416667,0,1,0,1.5417,1904,647360,563609,157676,147246,51.71,48.29,1,0,0,0.541016910659695
"291",2018,"Kansas",2,3.6666667,0,0,1,0.3333,2002,6565210,537829,126098,123859,50.45,49.55,0,0,1,0.46475180773071
"292",2018,"Kansas",3,2.75,1,0,0,1.25,2003,7254420,523041,139762,170518,45.04,54.96,1,0,0,0.593223093409503
"293",2018,"Kentucky",6,4.1666667,0,0,1,0.1667,2106,9515770,569798,154468,144736,51.63,48.37,1,0,0,0.525105388225301
"294",2018,"Maine",2,3.6666667,0,0,1,0.3333,2302,10733790,520828,134184,132013,50.41,49.59,1,0,0,0.511103473699571
"295",2018,"Maine",2,3.6666667,0,0,1,0.3333,2302,10733790,520828,138931,142440,49.38,50.62,1,0,0,0.540237852035605
"296",2018,"Michigan",1,6.3333333,0,1,0,2.3333,NA,NA,562349,187251,145246,56.32,43.68,1,0,0,0.591264499447852
"297",2018,"Michigan",2,6.6666667,0,1,0,2.6667,2602,445510,538157,168970,131254,56.28,43.72,1,0,0,0.557874374950061
"298",2018,"Michigan",3,6.6666667,0,1,0,2.6667,NA,NA,538607,169107,134185,55.76,44.24,1,0,0,0.563104452782827
"299",2018,"Michigan",6,5.375,0,1,0,1.375,2606,2954310,536350,147436,134082,52.37,47.63,1,0,0,0.524877412137597
"300",2018,"Michigan",7,5.5416667,0,1,0,1.5417,2607,1847190,542743,158730,136330,53.8,46.2,1,0,0,0.543645887648482
"301",2018,"Michigan",8,3.5416667,0,0,1,0.4583,2608,13870350,547280,159782,172880,48.03,51.97,1,0,0,0.607846075135214
"302",2018,"Michigan",11,3.0416667,0,0,1,0.9583,2611,5173680,527362,158463,181912,46.56,53.44,0,0,1,0.645429515209666
"303",2018,"Minnesota",1,3.8333333,0,0,1,0.1667,2701,7640850,494576,146200,144885,50.23,49.77,0,0,1,0.588554640742778
"304",2018,"Minnesota",2,3.0416667,0,0,1,0.9583,2702,8545020,499925,159344,177958,47.24,52.76,1,0,0,0.674705205780867
"305",2018,"Minnesota",3,3.0416667,0,0,1,0.9583,2703,12076620,506587,160839,202404,44.28,55.72,1,0,0,0.71703971874525
"306",2018,"Minnesota",7,2.1666667,1,0,0,1.8333,2707,661810,496634,134668,146672,47.87,52.13,0,1,0,0.566493635151842
"307",2018,"Minnesota",8,5.25,0,1,0,1.25,2708,8035260,519505,159364,141950,52.89,47.11,0,0,1,0.580002117400218
"308",2018,"Missouri",2,6,0,1,0,2,2902,1638640,577377,192477,177611,52.01,47.99,1,0,0,0.640981542389115
"309",2018,"Montana",0,5.2083333,0,1,0,1.2083,3001,2650300,804263,256661,233284,52.39,47.61,1,0,0,0.609185055137436
"310",2018,"Nebraska",2,5.0833333,0,1,0,1.0833,3102,2731740,454282,126715,121770,51,49,1,0,0,0.546984031944915
"311",2018,"Nevada",3,3.0416667,0,0,1,0.9583,3203,8825870,563428,122566,148501,45.22,54.78,0,0,1,0.48110317556103
"312",2018,"Nevada",4,2.75,1,0,0,1.25,3204,10211960,493015,102748,121962,45.72,54.28,0,0,1,0.455787349269292
"313",2018,"New Hampshire",1,2.5833333,1,0,0,1.4167,3301,1021590,NA,130996,155884,45.66,54.34,0,0,1,NA
"314",2018,"New Hampshire",2,1.1666667,1,0,0,2.8333,3302,438930,NA,117990,155358,43.16,56.84,0,1,0,NA
"315",2018,"New Jersey",2,1.4583333,1,0,0,2.5417,3402,573810,NA,116866,136685,46.09,53.91,0,0,1,NA
"316",2018,"New Jersey",3,3.7083333,0,0,1,0.2917,3403,10303470,NA,149500,153473,49.34,50.66,1,0,0,NA
"317",2018,"New Jersey",4,6.8333333,0,1,0,2.8333,NA,NA,NA,163065,126766,56.26,43.74,1,0,0,NA
"318",2018,"New Jersey",5,1.6666667,1,0,0,2.3333,3405,419810,NA,128255,169546,43.07,56.93,0,1,0,NA
"319",2018,"New Jersey",7,3.3333333,0,0,1,0.6667,3407,2506370,NA,150785,166985,47.45,52.55,1,0,0,NA
"320",2018,"New Jersey",11,2.75,1,0,0,1.25,3411,4623080,NA,136322,183684,42.6,57.4,0,0,1,NA
"321",2018,"New Mexico",1,1.1666667,1,0,0,2.8333,3501,311680,NA,90507,147336,38.05,61.95,0,0,1,NA
"322",2018,"New Mexico",2,3.8333333,0,0,1,0.1667,3502,6806160,NA,97767,101489,49.07,50.93,0,0,1,NA
"323",2018,"New York",1,5.8333333,0,1,0,1.8333,NA,NA,NA,139027,127991,52.07,47.93,1,0,0,NA
"324",2018,"New York",2,6.1666667,0,1,0,2.1667,3602,286140,NA,128078,113074,53.11,46.89,1,0,0,NA
"325",2018,"New York",3,1.1666667,1,0,0,2.8333,NA,NA,NA,109514,157456,41.02,58.98,0,1,0,NA
"326",2018,"New York",11,5.4166667,0,1,0,1.4167,3611,569260,NA,89441,101823,46.76,53.24,1,0,0,NA
"327",2018,"New York",18,1.3333333,1,0,0,2.6667,NA,NA,NA,112035,139564,44.53,55.47,0,1,0,NA
"328",2018,"New York",19,3.5416667,0,0,1,0.4583,3619,6897510,NA,132873,147873,47.33,52.67,1,0,0,NA
"329",2018,"New York",21,6.3333333,0,1,0,2.3333,3621,952450,NA,131981,99791,56.94,43.06,1,0,0,NA
"330",2018,"New York",22,3.7083333,0,0,1,0.2917,3622,12267540,NA,123242,127715,49.11,50.89,1,0,0,NA
"331",2018,"New York",23,6.3333333,0,1,0,2.3333,3623,990420,NA,130323,109932,54.24,45.76,1,0,0,NA
"332",2018,"New York",24,5.4166667,0,1,0,1.4167,3624,2947020,NA,136920,123226,52.63,47.37,1,0,0,NA
"333",2018,"New York",27,5.25,0,1,0,1.25,3627,853290,NA,140146,139059,50.19,49.81,1,0,0,NA
"334",2018,"North Carolina",2,5.25,0,1,0,1.25,3702,3941140,NA,170072,151977,52.81,47.19,1,0,0,NA
"335",2018,"North Carolina",6,6.8333333,0,1,0,2.8333,NA,NA,NA,160709,123651,56.52,43.48,1,0,0,NA
"336",2018,"North Carolina",7,6.8333333,0,1,0,2.8333,3707,300850,NA,156809,120838,56.48,43.52,1,0,0,NA
"337",2018,"North Carolina",8,6.3333333,0,1,0,2.3333,3708,328270,NA,141402,114119,55.34,44.66,1,0,0,NA
"338",2018,"North Carolina",9,3.8333333,0,0,1,0.1667,3709,7977690,NA,139246,138341,50.16,49.84,0,0,1,NA
"339",2018,"North Carolina",13,4.7916667,0,0,1,0.7917,3713,3886150,NA,147570,130402,53.09,46.91,1,0,0,NA
"340",2018,"Ohio",1,5.125,0,1,0,1.125,3901,6629730,537446,154409,141118,52.25,47.75,1,0,0,0.549872917465197
"341",2018,"Ohio",7,6.6666667,0,1,0,2.6667,3907,2179100,551430,153117,107536,58.74,41.26,1,0,0,0.472685562990769
"342",2018,"Ohio",10,6.1666667,0,1,0,2.1667,3910,679490,548220,157554,118785,57.01,42.99,1,0,0,0.504065885958192
"343",2018,"Ohio",12,4.6666667,0,0,1,0.6667,3912,2201120,571539,175677,161251,52.14,47.86,1,0,0,0.589510077177585
"344",2018,"Ohio",14,5.875,0,1,0,1.875,3914,1494020,550315,169809,137549,55.25,44.75,1,0,0,0.558512851730373
"345",2018,"Ohio",15,6.8333333,0,1,0,2.8333,3915,841910,576086,170593,116112,59.5,40.5,1,0,0,0.497677430105922
"346",2018,"Ohio",16,6.8333333,0,1,0,2.8333,3916,201270,556785,170029,129681,56.73,43.27,0,0,1,0.538286771374947
"347",2018,"Oklahoma",5,6.1666667,0,1,0,2.1667,4005,766360,552434,117811,121149,49.3,50.7,1,0,0,0.432558459472082
"348",2018,"Oregon",5,1.5,1,0,0,2.5,4105,151880,586219,149887,197187,43.19,56.81,0,1,0,0.592055187566421
"349",2018,"Pennsylvania",1,4.1666667,0,0,1,0.1667,4201,12180510,537869,169053,160745,51.26,48.74,1,0,0,0.613156735190167
"350",2018,"Pennsylvania",5,1.4583333,1,0,0,2.5417,4205,128080,520831,106075,198639,34.81,65.19,0,0,1,0.585053501039685
"351",2018,"Pennsylvania",6,1.4583333,1,0,0,2.5417,4206,1090420,516389,124124,177704,41.12,58.88,0,0,1,0.58449734599304
"352",2018,"Pennsylvania",7,2.5833333,1,0,0,1.4167,4207,2415670,541680,114437,140813,44.83,55.17,0,0,1,0.471219169989662
"353",2018,"Pennsylvania",8,1.9166667,1,0,0,2.0833,4208,1897390,537910,112563,135603,45.36,54.64,0,1,0,0.461352270825975
"354",2018,"Pennsylvania",10,4.75,0,0,1,0.75,4210,3004760,547580,149365,141668,51.32,48.68,1,0,0,0.531489462726907
"355",2018,"Pennsylvania",11,6.8333333,0,1,0,2.8333,4211,745490,545860,163708,113876,58.98,41.02,1,0,0,0.508525995676547
"356",2018,"Pennsylvania",14,6.5416667,0,1,0,2.5417,4214,330290,554526,151386,110051,57.91,42.09,0,0,1,0.47146031024695
"357",2018,"Pennsylvania",16,5.2083333,0,1,0,1.2083,4216,2582590,540100,135348,124109,52.17,47.83,1,0,0,0.480386965376782
"358",2018,"Pennsylvania",17,1.9166667,1,0,0,2.0833,4217,4383210,554549,142417,183162,43.74,56.26,0,1,0,0.587105918503144
"359",2018,"South Carolina",1,5.375,0,1,0,1.375,4501,1102770,NA,141473,145455,49.31,50.69,0,0,1,NA
"360",2018,"Texas",2,6.3333333,0,1,0,2.3333,4802,977780,505415,139188,119992,53.7,46.3,0,0,1,0.512806307687742
"361",2018,"Texas",6,6.5,0,1,0,2.5,NA,NA,522243,135961,116350,53.89,46.11,0,0,1,0.483129501017725
"362",2018,"Texas",7,4.2916667,0,0,1,0.2917,4807,13737440,455009,115642,127959,47.47,52.53,1,0,0,0.535376223327451
"363",2018,"Texas",10,6.6666667,0,1,0,2.6667,NA,NA,548535,157166,144034,52.18,47.82,1,0,0,0.549098963603052
"364",2018,"Texas",21,6.0416667,0,1,0,2.0417,4821,1246320,595110,177654,168421,51.33,48.67,0,0,1,0.581531145502512
"365",2018,"Texas",22,6.1666667,0,1,0,2.1667,4822,345010,545682,152750,138153,52.51,47.49,1,0,0,0.533099864023369
"366",2018,"Texas",23,5.25,0,1,0,1.25,4823,9516410,474242,103285,102359,50.23,49.77,1,0,0,0.433626713787476
"367",2018,"Texas",24,6.8333333,0,1,0,2.8333,NA,NA,495806,133317,125231,51.56,48.44,1,0,0,0.521470091124351
"368",2018,"Texas",25,6.8333333,0,1,0,2.8333,4825,194900,553092,163023,136385,54.45,45.55,1,0,0,0.54133489546043
"369",2018,"Texas",31,6.2083333,0,1,0,2.2083,4831,2847770,566721,144680,136362,51.48,48.52,1,0,0,0.495908921673981
"370",2018,"Texas",32,4,0,0,1,0,4832,13539480,493394,126101,144067,46.68,53.32,1,0,0,0.54757050146536
"371",2018,"Utah",4,3.6666667,0,0,1,0.3333,4904,4208200,495024,134270,134964,49.87,50.13,1,0,0,0.543880700733702
"372",2018,"Virginia",2,4.2916667,0,0,1,0.2917,5102,6440380,554237,133458,139571,48.88,51.12,1,0,0,0.492621387601333
"373",2018,"Virginia",5,4.875,0,0,1,0.875,5105,2628880,570230,165339,145040,53.27,46.73,0,0,1,0.544304929589815
"374",2018,"Virginia",7,3.8333333,0,0,1,0.1667,5107,6089560,561597,169295,176079,49.02,50.98,1,0,0,0.614985478911034
"375",2018,"Virginia",10,2.875,1,0,0,1.125,5110,13871740,538859,160841,206356,43.8,56.2,1,0,0,0.681434289860613
"376",2018,"Washington",3,5.2083333,0,1,0,1.2083,5303,3295690,523293,161819,145407,52.67,47.33,1,0,0,0.587101298889914
"377",2018,"Washington",5,5.375,0,1,0,1.375,5305,2593850,533997,175422,144925,54.76,45.24,1,0,0,0.599904119311532
"378",2018,"Washington",8,3.5,0,0,1,0.5,5308,13512340,506305,148968,164089,47.58,52.42,0,0,1,0.618317022348189
"379",2018,"West Virginia",2,6.6666667,0,1,0,2.6667,5402,416260,NA,110504,88011,55.67,44.33,1,0,0,NA
"380",2018,"West Virginia",3,5.25,0,1,0,1.25,5403,2828930,NA,98645,76340,56.37,43.63,0,0,1,NA
"381",2018,"Wisconsin",1,5.25,0,1,0,1.25,5501,3457250,535340,177492,137508,56.35,43.65,0,0,1,0.588411103224119
"382",2018,"Wisconsin",3,1.1666667,1,0,0,2.8333,NA,NA,559186,126980,187888,40.33,59.67,0,1,0,0.563082766735934
"383",2018,"Wisconsin",6,6.5,0,1,0,2.5,5506,2263750,548845,180311,144536,55.51,44.49,1,0,0,0.591873844163653
"384",2020,"Alaska",0,5.40625,0,1,0,1.4063,NA,NA,532553,192126,159856,54.58,45.42,1,0,0,0.660933278002377
"385",2020,"Arizona",1,2.34375,1,0,0,1.6563,NA,NA,571454,176709,188469,48.39,51.61,0,1,0,0.639033063028695
"386",2020,"Arizona",2,1.125,1,0,0,2.875,NA,NA,553192,170975,209945,44.88,55.12,0,1,0,0.688585518228752
"387",2020,"Arizona",6,4.125,0,0,1,0.125,NA,NA,593835,217783,199644,52.17,47.83,1,0,0,0.702934316771494
"388",2020,"Arkansas",2,4.5,0,0,1,0.5,NA,NA,569302,184093,148410,55.37,44.63,1,0,0,0.584053806239922
"389",2020,"California",1,6.5,0,1,0,2.5,NA,NA,543723,204190,154073,56.99,43.01,1,0,0,0.658907200909287
"390",2020,"California",4,6.25,0,1,0,2.25,NA,NA,571765,247291,194731,55.95,44.05,1,0,0,0.773083347179348
"391",2020,"California",7,1.125,1,0,0,2.875,NA,NA,535496,166549,217416,43.38,56.62,0,1,0,0.717026831199486
"392",2020,"California",8,6.75,0,1,0,2.75,NA,NA,482457,158711,124400,56.06,43.94,0,0,1,0.586810845318857
"393",2020,"California",10,1.625,1,0,0,2.375,NA,NA,482386,135629,166865,44.84,55.16,0,1,0,0.627078729482199
"394",2020,"California",21,3.625,0,0,1,0.375,NA,NA,362407,85928,84406,50.45,49.55,0,1,0,0.470007477780506
"395",2020,"California",22,6.625,0,1,0,2.625,NA,NA,482747,170888,144251,54.23,45.77,1,0,0,0.65280364248768
"396",2020,"California",25,4.125,0,0,1,0.125,NA,NA,474528,169638,169305,50.05,49.95,1,0,0,0.71427397329557
"397",2020,"California",39,2.96875,1,0,0,1.0313,NA,NA,495007,173946,169837,50.6,49.4,0,1,0,0.694501289880749
"398",2020,"California",42,6.875,0,1,0,2.875,NA,NA,544900,210274,157773,57.13,42.87,1,0,0,0.675439530189025
"399",2020,"California",45,1.25,1,0,0,2.75,NA,NA,529045,193096,221843,46.54,53.46,0,1,0,0.784317024071676
"400",2020,"California",48,2.9375,1,0,0,1.0625,NA,NA,526102,201738,193362,51.06,48.94,0,1,0,0.750995054191012
"401",2020,"California",50,5.78125,0,1,0,1.7813,NA,NA,509350,195521,166869,53.95,46.05,0,0,1,0.711475409836066
"402",2020,"Colorado",3,4.71875,0,0,1,0.7188,NA,NA,567907,220634,194122,53.2,46.8,0,0,1,0.730323803017043
"403",2020,"Colorado",6,1.125,1,0,0,2.875,NA,NA,560937,175192,250314,41.17,58.83,0,1,0,0.758562904568606
"404",2020,"Florida",7,1.25,1,0,0,2.75,NA,NA,583427,175750,224946,43.86,56.14,0,1,0,0.686797148572144
"405",2020,"Florida",13,1.25,1,0,0,2.75,NA,NA,584369,190713,215405,46.96,53.04,0,1,0,0.694968418927082
"406",2020,"Florida",15,5.1875,0,1,0,1.1875,NA,NA,582193,216374,174297,55.39,44.61,0,0,1,0.671033488894576
"407",2020,"Florida",16,5.90625,0,1,0,1.9063,NA,NA,639522,269001,215683,55.5,44.5,1,0,0,0.75788479520642
"408",2020,"Florida",18,6.28125,0,1,0,2.2813,NA,NA,592871,253286,186674,57.57,42.43,1,0,0,0.742083859726652
"409",2020,"Florida",26,3.03125,0,0,1,0.9688,NA,NA,476187,177223,165407,51.72,48.28,0,1,0,0.719528252556244
"410",2020,"Florida",27,1.875,1,0,0,2.125,NA,NA,454417,176141,166758,51.37,48.63,0,1,0,0.754591047430004
"411",2020,"Georgia",6,2.71875,1,0,0,1.2813,NA,NA,499106,180329,216775,45.41,54.59,0,1,0,0.795630587490433
"412",2020,"Georgia",7,3.40625,0,0,1,0.5938,NA,NA,501272,180564,190900,48.61,51.39,0,0,1,0.741042787149492
"413",2020,"Illinois",6,1.5,1,0,0,2.5,NA,NA,520319,183891,213777,46.24,53.76,0,1,0,0.764277299118425
"414",2020,"Illinois",13,4.375,0,0,1,0.375,NA,NA,541260,181373,151648,54.46,45.54,1,0,0,0.615269925728855
"415",2020,"Illinois",14,2,1,0,0,2,NA,NA,527885,197835,203209,49.33,50.67,0,1,0,0.759718499294354
"416",2020,"Illinois",17,1.875,1,0,0,2.125,NA,NA,508081,143863,156011,47.97,52.03,0,1,0,0.590209041471734
"417",2020,"Indiana",5,3.65625,0,0,1,0.3438,NA,NA,575022,208212,191226,52.13,47.87,0,0,1,0.694648204764339
"418",2020,"Iowa",1,3.0625,0,0,1,0.9375,NA,NA,580599,212088,201347,51.3,48.7,0,1,0,0.712083555087074
"419",2020,"Iowa",2,2.9375,1,0,0,1.0625,NA,NA,583217,196964,196958,50,50,0,0,1,0.675429557094529
"420",2020,"Iowa",3,2.8125,1,0,0,1.1875,NA,NA,606164,212997,219205,49.28,50.72,0,1,0,0.713011660210768
"421",2020,"Iowa",4,6.625,0,1,0,2.625,NA,NA,561673,237369,144761,62.12,37.88,0,0,1,0.680342476850409
"422",2020,"Kansas",2,6,0,1,0,2,NA,NA,542116,185464,136650,57.58,42.42,0,0,1,0.59417910557888
"423",2020,"Kansas",3,1.25,1,0,0,2.75,NA,NA,537375,178773,220049,44.83,55.17,0,1,0,0.74216701558502
"424",2020,"Kentucky",6,6,0,1,0,2,NA,NA,580203,216948,155011,58.33,41.67,1,0,0,0.641084241205233
"425",2020,"Maine",2,1.875,1,0,0,2.125,NA,NA,523466,175228,197974,46.95,53.05,0,1,0,0.712944107162643
"426",2020,"Michigan",3,4.25,0,0,1,0.25,NA,NA,548606,213649,189769,52.96,47.04,0,0,1,0.735351053397156
"427",2020,"Michigan",6,5.28125,0,1,0,1.2813,NA,NA,541196,211496,152085,58.17,41.83,1,0,0,0.671810212935794
"428",2020,"Michigan",7,6.875,0,1,0,2.875,NA,NA,546091,227524,159743,58.75,41.25,1,0,0,0.709162026109202
"429",2020,"Michigan",8,2.25,1,0,0,1.75,NA,NA,556283,202525,217922,48.17,51.83,0,1,0,0.755814935922902
"430",2020,"Michigan",11,2.25,1,0,0,1.75,NA,NA,535588,215405,226128,48.79,51.21,0,1,0,0.824389269363765
"431",2020,"Minnesota",1,4.15625,0,0,1,0.1563,NA,NA,498389,179234,167890,51.63,48.37,1,0,0,0.696492097538268
"432",2020,"Minnesota",2,2,1,0,0,2,NA,NA,512190,194954,204534,48.8,51.2,0,1,0,0.779960561510377
"433",2020,"Minnesota",3,1.25,1,0,0,2.75,NA,NA,517537,196625,246666,44.36,55.64,0,1,0,0.856539725662127
"434",2020,"Minnesota",5,1.125,1,0,0,2.875,NA,NA,525375,102878,255924,28.67,71.33,0,1,0,0.68294456340709
"435",2020,"Minnesota",7,4.75,0,0,1,0.75,NA,NA,498454,194066,144840,57.26,42.74,0,1,0,0.67991429500014
"436",2020,"Minnesota",8,6.875,0,1,0,2.875,NA,NA,524508,223432,147853,60.18,39.82,1,0,0,0.707872901843251
"437",2020,"Missouri",2,4.15625,0,0,1,0.1563,NA,NA,576837,233157,204540,53.27,46.73,1,0,0,0.758788011171267
"438",2020,"Montana",0,5.0625,0,1,0,1.0625,NA,NA,823797,339169,262340,56.39,43.61,0,0,1,0.730166533745571
"439",2020,"Nebraska",2,4.28125,0,0,1,0.2813,NA,NA,466368,171071,155706,52.35,47.65,1,0,0,0.700684866886236
"440",2020,"Nevada",3,2.71875,1,0,0,1.2813,NA,NA,606488,190975,203421,48.42,51.58,0,1,0,0.650294812098508
"441",2020,"Nevada",4,2,1,0,0,2,NA,NA,516069,152284,168457,47.48,52.52,0,1,0,0.621507976646534
"442",2020,"New Hampshire",1,2.34375,1,0,0,1.6563,NA,NA,NA,185159,205606,47.38,52.62,0,1,0,NA
"443",2020,"New Hampshire",2,1.625,1,0,0,2.375,NA,NA,NA,168886,208289,44.78,55.22,0,1,0,NA
"444",2020,"New Jersey",2,3.65625,0,0,1,0.3438,NA,NA,NA,195526,173849,52.93,47.07,1,0,0,NA
"445",2020,"New Jersey",3,2.25,1,0,0,1.75,NA,NA,NA,196327,229840,46.07,53.93,0,1,0,NA
"446",2020,"New Jersey",5,1.125,1,0,0,2.875,NA,NA,NA,193333,225175,46.2,53.8,0,1,0,NA
"447",2020,"New Jersey",7,2.71875,1,0,0,1.2813,NA,NA,NA,214318,219629,49.39,50.61,0,1,0,NA
"448",2020,"New Jersey",11,1.25,1,0,0,2.75,NA,NA,NA,206013,235163,46.7,53.3,0,1,0,NA
"449",2020,"New Mexico",2,3.75,0,0,1,0.25,NA,NA,NA,142283,122546,53.73,46.27,0,1,0,NA
"450",2020,"New York",1,5.1875,0,1,0,1.1875,NA,NA,NA,199763,157484,55.92,44.08,1,0,0,NA
"451",2020,"New York",2,3.75,0,0,1,0.25,NA,NA,NA,177353,154123,53.5,46.5,0,0,1,NA
"452",2020,"New York",11,3.875,0,0,1,0.125,NA,NA,NA,155608,137198,53.14,46.86,0,1,0,NA
"453",2020,"New York",18,1.375,1,0,0,2.625,NA,NA,NA,145098,187169,43.67,56.33,0,1,0,NA
"454",2020,"New York",19,1.5,1,0,0,2.5,NA,NA,NA,151475,192100,44.09,55.91,0,1,0,NA
"455",2020,"New York",21,6.875,0,1,0,2.875,NA,NA,NA,188649,131992,58.83,41.17,1,0,0,NA
"456",2020,"New York",22,3.40625,0,0,1,0.5938,NA,NA,NA,156098,155989,50.02,49.98,0,1,0,NA
"457",2020,"New York",24,4.21875,0,0,1,0.2188,NA,NA,NA,182567,147638,55.29,44.71,1,0,0,NA
"458",2020,"New York",27,6.75,0,1,0,2.75,NA,NA,NA,229044,149559,60.5,39.5,1,0,0,NA
"459",2020,"North Carolina",1,1.375,1,0,0,2.625,NA,NA,NA,159748,188870,45.82,54.18,0,1,0,NA
"460",2020,"North Carolina",2,1.21875,1,0,0,2.7813,NA,NA,NA,172544,311887,35.62,64.38,0,0,1,NA
"461",2020,"North Carolina",6,1.21875,1,0,0,2.7813,NA,NA,NA,153598,253531,37.73,62.27,0,0,1,NA
"462",2020,"North Carolina",8,5.09375,0,1,0,1.0938,NA,NA,NA,202774,177781,53.28,46.72,1,0,0,NA
"463",2020,"North Carolina",9,6,0,1,0,2,NA,NA,NA,224661,179463,55.59,44.41,1,0,0,NA
"464",2020,"North Carolina",11,5.3125,0,1,0,1.3125,NA,NA,NA,245351,190609,56.28,43.72,0,0,1,NA
"465",2020,"Ohio",1,4.28125,0,0,1,0.2813,NA,NA,546487,199560,172022,53.71,46.29,1,0,0,0.679946640999694
"466",2020,"Ohio",10,6.03125,0,1,0,2.0313,NA,NA,551055,212972,151976,58.36,41.64,1,0,0,0.662271461106423
"467",2020,"Ohio",12,6.125,0,1,0,2.125,NA,NA,586070,241790,182847,56.94,43.06,1,0,0,0.724549968433805
"468",2020,"Ohio",13,1.125,1,0,0,2.875,NA,NA,555958,148648,173631,46.12,53.88,0,1,0,0.579682278157703
"469",2020,"Oklahoma",5,4,0,0,1,0,NA,NA,564126,158191,145658,52.06,47.94,0,1,0,0.538619031918401
"470",2020,"Oregon",4,2.84375,1,0,0,1.1563,NA,NA,639960,216081,240950,47.28,52.72,0,1,0,0.714155572223264
"471",2020,"Pennsylvania",1,4.9375,0,0,1,0.9375,NA,NA,541091,249804,191875,56.56,43.44,1,0,0,0.816274896459191
"472",2020,"Pennsylvania",7,1.625,1,0,0,2.375,NA,NA,547108,181407,195475,48.13,51.87,0,1,0,0.688862162498081
"473",2020,"Pennsylvania",8,2.25,1,0,0,1.75,NA,NA,537086,165783,178004,48.22,51.78,0,1,0,0.640096744283038
"474",2020,"Pennsylvania",10,3.75,0,0,1,0.25,NA,NA,554907,208896,182938,53.31,46.69,1,0,0,0.706125530944825
"475",2020,"Pennsylvania",16,6.75,0,1,0,2.75,NA,NA,536924,210088,143962,59.34,40.66,1,0,0,0.659404310479695
"476",2020,"Pennsylvania",17,2.5,1,0,0,1.5,NA,NA,554725,212284,222253,48.85,51.15,0,1,0,0.78333768984632
"477",2020,"South Carolina",1,3.1875,0,0,1,0.8125,NA,NA,NA,216042,210627,50.63,49.37,0,1,0,NA
"478",2020,"South Carolina",2,6.375,0,1,0,2.375,NA,NA,NA,202715,155118,56.65,43.35,1,0,0,NA
"479",2020,"Texas",1,6.875,0,1,0,2.875,NA,NA,513424,219726,83016,72.58,27.42,1,0,0,0.589652996353891
"480",2020,"Texas",2,6.5,0,1,0,2.5,NA,NA,523366,192828,148374,56.51,43.49,1,0,0,0.651937649751799
"481",2020,"Texas",3,5.8125,0,1,0,1.8125,NA,NA,572927,230512,179458,56.23,43.77,1,0,0,0.715571093699546
"482",2020,"Texas",6,6.15625,0,1,0,2.1563,NA,NA,543353,179507,149530,54.56,45.44,1,0,0,0.605567651232256
"483",2020,"Texas",7,2.34375,1,0,0,1.6563,NA,NA,470059,149054,159529,48.3,51.7,0,1,0,0.656477165632399
"484",2020,"Texas",10,4.9375,0,0,1,0.9375,NA,NA,598933,217216,187686,53.65,46.35,1,0,0,0.676038889157886
"485",2020,"Texas",21,4.5,0,0,1,0.5,NA,NA,622992,235740,205780,53.39,46.61,1,0,0,0.708708940082698
"486",2020,"Texas",22,4.25,0,0,1,0.25,NA,NA,587439,210259,181998,53.6,46.4,0,0,1,0.667740820749048
"487",2020,"Texas",23,3.03125,0,0,1,0.9688,NA,NA,489437,149395,137693,52.04,47.96,0,0,1,0.586567832019238
"488",2020,"Texas",24,3.53125,0,0,1,0.4688,NA,NA,514233,167910,163326,50.69,49.31,0,0,1,0.644136023942454
"489",2020,"Texas",25,6.03125,0,1,0,2.0313,NA,NA,582952,220088,165697,57.05,42.95,1,0,0,0.661778328232856
"490",2020,"Texas",27,6.875,0,1,0,2.875,NA,NA,517553,172305,95466,64.35,35.65,1,0,0,0.517378896460846
"491",2020,"Texas",31,6.125,0,1,0,2.125,NA,NA,606251,212695,176293,54.68,45.32,1,0,0,0.641628632365142
"492",2020,"Texas",32,2.125,1,0,0,1.875,NA,NA,509235,157867,178542,46.93,53.07,0,1,0,0.660616414818306
"493",2020,"Utah",4,3.65625,0,0,1,0.3438,NA,NA,522227,179688,175923,50.53,49.47,0,1,0,0.680951004065282
"494",2020,"Virginia",1,6.875,0,1,0,2.875,NA,NA,582942,260614,186923,58.23,41.77,1,0,0,0.767721317043548
"495",2020,"Virginia",2,2.71875,1,0,0,1.2813,NA,NA,557735,165031,185733,47.05,52.95,0,1,0,0.628907993939774
"496",2020,"Virginia",5,4.125,0,0,1,0.125,NA,NA,577025,210988,190315,52.58,47.42,0,0,1,0.695469000476582
"497",2020,"Virginia",7,3.28125,0,0,1,0.7188,NA,NA,576592,222623,230893,49.09,50.91,0,1,0,0.786545772400588
"498",2020,"Virginia",10,1.125,1,0,0,2.875,NA,NA,560292,206253,268734,43.42,56.58,0,1,0,0.847749030862479
"499",2020,"Washington",3,5.3125,0,1,0,1.3125,NA,NA,546144,235579,181347,56.5,43.5,1,0,0,0.763399396496162
"500",2020,"Washington",8,1.875,1,0,0,2.125,NA,NA,519931,198423,213123,48.21,51.79,0,1,0,0.791539646606954
"501",2020,"Wisconsin",3,2.125,1,0,0,1.875,NA,NA,564199,189524,199870,48.67,51.33,0,1,0,0.690171375702545
